Date,Yil,Oy,Kun,T_av,??????????? ??????,T_min,P_min,T_max,P_max,percentile_barkrak,??????????????? ??????,
1/1/2017,2017,1,1,-11.74791667,0,-14.7,0,-9.7,0,0.65748393,0,0.34251607
1/1/2018,2018,1,1,-10.4,0,-11.8,0,-9.1,0,0.65748393,0,0.34251607
1/1/2019,2019,1,1,-10.01875,0,-11.4,0,-8.4,0,0.65748393,0,0.34251607
2/1/2017,2017,2,1,-14.89791667,0.32,-17.5,0,-13.5,0.14,0.849403122,5.4,0.150596878
2/1/2018,2018,2,1,-13.75625,0,-15.3,0,-12.6,0,0.65748393,0,0.34251607
2/1/2019,2019,2,1,-13.31041667,0,-16.5,0,-10.2,0,0.65748393,0,0.34251607
3/1/2017,2017,3,1,-9.98125,0,-11.6,0,-8.9,0,0.65748393,0,0.34251607
3/1/2018,2018,3,1,-6.841666667,0.06,-8.8,0,-5.7,0.02,0.769513315,2.5,0.230486685
3/1/2019,2019,3,1,-9.65625,0,-11.4,0,-8.6,0,0.65748393,0,0.34251607
4/1/2017,2017,4,1,-5.941666667,0,-8.1,0,-3.2,0,0.65748393,0,0.34251607
4/1/2018,2018,4,1,-0.75625,1.37,-5.5,0,4,0.34,0.918273646,9.8,0.081726354
4/1/2019,2019,4,1,-6.460416667,1.24,-8.7,0,-4.8,0.42,0.910927456,9,0.089072544
5/1/2017,2017,5,1,-5.935416667,0,-9.7,0,2,0,0.65748393,0,0.34251607
5/1/2018,2018,5,1,-1.220833333,0.83,-5,0,0.5,0.22,0.886134068,6.9,0.113865932
5/1/2019,2019,5,1,-4.89375,0.07,-7.5,0,-2.6,0.03,0.776859504,2.6,0.223140496
6/1/2017,2017,6,1,1.86875,0,-2.2,0,6,0,0.65748393,0,0.34251607
6/1/2018,2018,6,1,2.18125,0.47,-2.8,0,5.4,0.14,0.868686869,6.2,0.131313131
6/1/2019,2019,6,1,1.68125,2.04,-0.6,0,3.6,1.55,0.939393939,11.6,0.060606061
7/1/2017,2017,7,1,5.139583333,6.24,1.9,0,9.1,4.43,0.977043159,22,0.022956841
7/1/2018,2018,7,1,7.014583333,0,3.5,0,10.5,0,0.65748393,0,0.34251607
7/1/2019,2019,7,1,8.18125,0,5,0,11.6,0,0.65748393,0,0.34251607
8/1/2017,2017,8,1,11.15416667,0,6.6,0,15.9,0,0.65748393,0,0.34251607
8/1/2018,2018,8,1,6.264583333,0,2.8,0,9.7,0,0.65748393,0,0.34251607
8/1/2019,2019,8,1,10.62083333,0,6.8,0,14.4,0,0.65748393,0,0.34251607
9/1/2016,2016,9,1,3.810416667,0.86,0.4,0,9.1,0.58,0.887970615,7.2,0.112029385
9/1/2017,2017,9,1,8.54375,0,6.5,0,11.6,0,0.65748393,0,0.34251607
9/1/2018,2018,9,1,2.95625,0,-1.4,0,6.9,0,0.65748393,0,0.34251607
10/1/2016,2016,10,1,-1.485416667,0.08,-3.9,0,0,0.01,0.787878788,3,0.212121212
10/1/2017,2017,10,1,-5.470833333,0,-9.9,0,-1.8,0,0.65748393,0,0.34251607
10/1/2018,2018,10,1,1.802083333,0,-1.4,0,4.8,0,0.65748393,0,0.34251607
11/1/2016,2016,11,1,-1.310416667,0.23,-2.3,0,-0.3,0.06,0.83379247,4.9,0.16620753
11/1/2017,2017,11,1,2.114583333,0,0,0,3.8,0,0.65748393,0,0.34251607
11/1/2018,2018,11,1,-11.61458333,0,-13.8,0,-10.1,0,0.65748393,0,0.34251607
12/1/2016,2016,12,1,-7.71875,0,-12.6,0,-3.7,0,0.65748393,0,0.34251607
12/1/2017,2017,12,1,-12.2125,0,-13.6,0,-11.1,0,0.65748393,0,0.34251607
12/1/2018,2018,12,1,-14.13333333,0,-17.1,0,-11.6,0,0.65748393,0,0.34251607
1/2/2017,2017,1,2,-9.16875,0,-10.2,0,-8.1,0,0.65748393,0,0.34251607
1/2/2018,2018,1,2,-9.75,0,-12,0,-7,0,0.65748393,0,0.34251607
1/2/2019,2019,1,2,-13.90208333,0,-15.2,0,-11.1,0,0.65748393,0,0.34251607
2/2/2017,2017,2,2,-11.42291667,0,-14.2,0,-9.7,0,0.65748393,0,0.34251607
2/2/2018,2018,2,2,-13.39791667,0,-15.5,0,-10.8,0,0.65748393,0,0.34251607
2/2/2019,2019,2,2,-12.3375,0,-13.6,0,-9.6,0,0.65748393,0,0.34251607
3/2/2017,2017,3,2,-15.59166667,0,-18.6,0,-11.4,0,0.65748393,0,0.34251607
3/2/2018,2018,3,2,-9.964583333,0,-12.7,0,-7.8,0,0.65748393,0,0.34251607
3/2/2019,2019,3,2,-8.14375,0,-10.6,0,-6.3,0,0.65748393,0,0.34251607
4/2/2017,2017,4,2,-5.65,0.27,-7.1,0,-4.6,0.14,0.841138659,5.2,0.158861341
4/2/2018,2018,4,2,-3.535416667,0,-7.2,0,2.9,0,0.65748393,0,0.34251607
4/2/2019,2019,4,2,-2.472916667,0.02,-10.7,0,2.9,0.01,0.721763085,1.4,0.278236915
5/2/2017,2017,5,2,-3.664583333,0,-9.1,0,0,0,0.65748393,0,0.34251607
5/2/2018,2018,5,2,-1.829166667,0,-7,0,8.1,0,0.65748393,0,0.34251607
5/2/2019,2019,5,2,-4.727083333,0,-7.1,0,-2.9,0,0.65748393,0,0.34251607
6/2/2017,2017,6,2,2.822916667,0,-1.8,0,7.3,0,0.65748393,0,0.34251607
6/2/2018,2018,6,2,4.220833333,5.23,2.6,0,6.1,3.06,0.971533517,19.9,0.028466483
6/2/2019,2019,6,2,1.245833333,0.44,-1.2,0,4.1,0.38,0.8640955,6,0.1359045
7/2/2017,2017,7,2,6.391666667,0,3,0,10,0,0.65748393,0,0.34251607
7/2/2018,2018,7,2,6.827083333,0.35,4.6,0,10,0.34,0.85399449,5.6,0.14600551
7/2/2019,2019,7,2,9.033333333,11.14,4.7,0,13.1,7.47,0.988980716,29.8,0.011019284
8/2/2017,2017,8,2,10.16458333,0,6.9,0,13.3,0,0.65748393,0,0.34251607
8/2/2018,2018,8,2,4.802083333,0.08,2.9,0,7.9,0.06,0.787878788,3,0.212121212
8/2/2019,2019,8,2,7.54375,1.84,5.5,0,10.3,1.76,0.933884298,11.1,0.066115702
9/2/2016,2016,9,2,4.279166667,0,2.1,0,8.3,0,0.65748393,0,0.34251607
9/2/2017,2017,9,2,7.420833333,0.15,5.1,0,11,0.11,0.816345271,4.1,0.183654729
9/2/2018,2018,9,2,1.939583333,0,-2.4,0,6.5,0,0.65748393,0,0.34251607
10/2/2016,2016,10,2,-7.275,0,-9.5,0,-3.1,0,0.65748393,0,0.34251607
10/2/2017,2017,10,2,-1.566666667,1.44,-2.8,0,0.3,0.27,0.922865014,10.4,0.077134986
10/2/2018,2018,10,2,1.66875,0,-1.2,0,5,0,0.65748393,0,0.34251607
11/2/2016,2016,11,2,-0.372916667,0.07,-1.5,0,1.4,0.03,0.776859504,2.6,0.223140496
11/2/2017,2017,11,2,1.464583333,0,-0.9,0,3.3,0,0.65748393,0,0.34251607
11/2/2018,2018,11,2,-14.10416667,0,-15.5,0,-12.4,0,0.65748393,0,0.34251607
12/2/2016,2016,12,2,-4.1,0.49,-6.5,0,-2.6,0.36,0.87144169,6.3,0.12855831
12/2/2017,2017,12,2,-14.76458333,0.08,-19.5,0,-11.9,0.06,0.787878788,3,0.212121212
12/2/2018,2018,12,2,-9.35625,0,-12.9,0,-7.3,0,0.65748393,0,0.34251607
1/3/2017,2017,1,3,-13.45,0.1,-16.1,0,-9,0.03,0.797061524,3.3,0.202938476
1/3/2018,2018,1,3,-6.875,0,-8.8,0,-3.9,0,0.65748393,0,0.34251607
1/3/2019,2019,1,3,-13.975,0,-15.6,0,-12.8,0,0.65748393,0,0.34251607
2/3/2017,2017,2,3,-12.1375,0.14,-19,0,-9.7,0.03,0.81359045,4,0.18640955
2/3/2018,2018,2,3,-18.84166667,0,-21.6,0,-16.2,0,0.65748393,0,0.34251607
2/3/2019,2019,2,3,-12.11041667,0,-13.8,0,-10.6,0,0.65748393,0,0.34251607
3/3/2017,2017,3,3,-18.86458333,0,-22.2,0,-15.7,0,0.65748393,0,0.34251607
3/3/2018,2018,3,3,-11.93333333,0,-17,0,-8.1,0,0.65748393,0,0.34251607
3/3/2019,2019,3,3,-10.95625,0.01,-12.6,0,-9.3,0.01,0.709825528,1.2,0.290174472
4/3/2017,2017,4,3,-8.110416667,0.01,-13.8,0,-6.2,0.01,0.709825528,1.2,0.290174472
4/3/2018,2018,4,3,-1.470833333,0,-4.2,0,1.6,0,0.65748393,0,0.34251607
4/3/2019,2019,4,3,0.289583333,0.37,-4.4,0,2.8,0.24,0.856749311,5.7,0.143250689
5/3/2017,2017,5,3,-0.116666667,0,-3.8,0,10.5,0,0.65748393,0,0.34251607
5/3/2018,2018,5,3,0.4,0,-2.9,0,9,0,0.65748393,0,0.34251607
5/3/2019,2019,5,3,-6.133333333,0,-10.5,0,-0.4,0,0.65748393,0,0.34251607
6/3/2017,2017,6,3,5.270833333,0,1.8,0,8,0,0.65748393,0,0.34251607
6/3/2018,2018,6,3,3.645833333,23.72,1.6,0,6.3,3.38,0.997245179,40,0.002754821
6/3/2019,2019,6,3,1.583333333,7.38,-2.1,0,9.2,4,0.980716253,23.2,0.019283747
7/3/2017,2017,7,3,8.041666667,0,3.5,0,12.7,0,0.65748393,0,0.34251607
7/3/2018,2018,7,3,5.19375,0,2,0,8.8,0,0.65748393,0,0.34251607
7/3/2019,2019,7,3,5.085416667,8.71,0.7,0,8.4,4.57,0.983471074,24.1,0.016528926
8/3/2017,2017,8,3,6.875,1.78,3.4,0,10.9,1.5,0.932966024,11.1,0.067033976
8/3/2018,2018,8,3,6.0625,0,1.8,0,10.6,0,0.65748393,0,0.34251607
8/3/2019,2019,8,3,8.289583333,0.81,5.6,0,12,0.53,0.885215794,6.9,0.114784206
9/3/2016,2016,9,3,4.660416667,0,0.8,0,7.6,0,0.65748393,0,0.34251607
9/3/2017,2017,9,3,6.795833333,1.91,4.2,0,11.5,1.37,0.935720845,11.3,0.064279155
9/3/2018,2018,9,3,3.141666667,0,-1.4,0,7.6,0,0.65748393,0,0.34251607
10/3/2016,2016,10,3,-2.05625,0,-5.8,0,2.7,0,0.65748393,0,0.34251607
10/3/2017,2017,10,3,-1.389583333,65.3,-1.9,0.01,-0.8,4.39,1,63.9,0
10/3/2018,2018,10,3,3.429166667,0,-0.2,0,7.7,0,0.65748393,0,0.34251607
11/3/2016,2016,11,3,-1.714583333,0.43,-8.8,0,0.7,0.08,0.862258953,6,0.137741047
11/3/2017,2017,11,3,0.158333333,0.14,-2.8,0,2.2,0.03,0.81359045,4,0.18640955
11/3/2018,2018,11,3,-13.5,0,-15.1,0,-10.1,0,0.65748393,0,0.34251607
12/3/2016,2016,12,3,-2.120833333,2.18,-4.1,0,-0.6,1.25,0.943067034,11.9,0.056932966
12/3/2017,2017,12,3,-17.70208333,0,-19.9,0,-16.8,0,0.65748393,0,0.34251607
12/3/2018,2018,12,3,-7.325,0,-9.4,0,-3.5,0,0.65748393,0,0.34251607
1/4/2017,2017,1,4,-14.14791667,0,-16.2,0,-11.6,0,0.65748393,0,0.34251607
1/4/2018,2018,1,4,-10.3125,0,-12.1,0,-7.1,0,0.65748393,0,0.34251607
1/4/2019,2019,1,4,-13.22291667,0,-16.4,0,-10.4,0,0.65748393,0,0.34251607
2/4/2017,2017,2,4,-19.14791667,0.07,-21.7,0,-16.1,0.03,0.776859504,2.6,0.223140496
2/4/2018,2018,2,4,-19.57083333,0,-23,0,-13.3,0,0.65748393,0,0.34251607
2/4/2019,2019,2,4,-11.71458333,0,-13.6,0,-8.4,0,0.65748393,0,0.34251607
3/4/2017,2017,3,4,-16.18333333,0,-19.1,0,-13.4,0,0.65748393,0,0.34251607
3/4/2018,2018,3,4,-9.733333333,0.17,-11.3,0,-8.4,0.04,0.822773186,4.3,0.177226814
3/4/2019,2019,3,4,-11.37083333,0,-13.1,0,-10.3,0,0.65748393,0,0.34251607
4/4/2017,2017,4,4,-9.989583333,0,-16,0,-1.2,0,0.65748393,0,0.34251607
4/4/2018,2018,4,4,-1.34375,0,-4.3,0,1.1,0,0.65748393,0,0.34251607
4/4/2019,2019,4,4,-0.960416667,0,-2.9,0,0.9,0,0.65748393,0,0.34251607
5/4/2017,2017,5,4,-0.810416667,0,-3.7,0,4.3,0,0.65748393,0,0.34251607
5/4/2018,2018,5,4,-0.210416667,0,-3.5,0,7.7,0,0.65748393,0,0.34251607
5/4/2019,2019,5,4,-3.139583333,0,-9,0,5.1,0,0.65748393,0,0.34251607
6/4/2017,2017,6,4,3.2125,17.79,-0.2,0,6.9,3.15,0.994490358,34.4,0.005509642
6/4/2018,2018,6,4,2.78125,0.24,1.4,0,4.6,0.12,0.836547291,5,0.163452709
6/4/2019,2019,6,4,2.464583333,0.02,0.2,0,9,0.02,0.721763085,1.4,0.278236915
7/4/2017,2017,7,4,9.65625,0,5.6,0,14.3,0,0.65748393,0,0.34251607
7/4/2018,2018,7,4,5.3375,0,2.1,0,9.5,0,0.65748393,0,0.34251607
7/4/2019,2019,7,4,6.177083333,0,0.2,0,10.6,0,0.65748393,0,0.34251607
8/4/2017,2017,8,4,3.589583333,21.31,-0.3,0,5.6,9.25,0.995408632,35.1,0.004591368
8/4/2018,2018,8,4,8.285416667,0,3.8,0,12.3,0,0.65748393,0,0.34251607
8/4/2019,2019,8,4,7.885416667,9.23,3.6,0,11.6,2.46,0.984389348,24.2,0.015610652
9/4/2016,2016,9,4,4.475,0.04,2.8,0,7.7,0.03,0.752066116,2.2,0.247933884
9/4/2017,2017,9,4,5.764583333,0.18,3.5,0,7.4,0.06,0.825528007,4.3,0.174471993
9/4/2018,2018,9,4,4.95625,0,1,0,9.2,0,0.65748393,0,0.34251607
10/4/2016,2016,10,4,0.297916667,0,-1.9,0,3.2,0,0.65748393,0,0.34251607
10/4/2017,2017,10,4,-3.945833333,29.31,-6.7,0,-1.2,4.39,0.999081726,59,0.000918274
10/4/2018,2018,10,4,3.541666667,0,0.7,0,8.4,0,0.65748393,0,0.34251607
11/4/2016,2016,11,4,-14.45,0.19,-16.1,0,-9.9,0.05,0.829201102,4.4,0.170798898
11/4/2017,2017,11,4,-4.04375,0.01,-6.6,0,-2.2,0.01,0.709825528,1.2,0.290174472
11/4/2018,2018,11,4,-12.31458333,0,-14.1,0,-6.5,0,0.65748393,0,0.34251607
12/4/2016,2016,12,4,-6.108333333,0.88,-8.4,0,-3.9,0.14,0.889807163,7.4,0.110192837
12/4/2017,2017,12,4,-18.175,0,-21.2,0,-14.1,0,0.65748393,0,0.34251607
12/4/2018,2018,12,4,-7.210416667,0,-9,0,-5.7,0,0.65748393,0,0.34251607
1/5/2017,2017,1,5,-16.32916667,0,-18.9,0,-13.3,0,0.65748393,0,0.34251607
1/5/2018,2018,1,5,-12.72291667,0,-13.7,0,-10,0,0.65748393,0,0.34251607
1/5/2019,2019,1,5,-15.84166667,0,-17,0,-14,0,0.65748393,0,0.34251607
2/5/2017,2017,2,5,-16.88958333,0,-19.2,0,-13.3,0,0.65748393,0,0.34251607
2/5/2018,2018,2,5,-13.53333333,0,-16.1,0,-11.7,0,0.65748393,0,0.34251607
2/5/2019,2019,2,5,-13.35,0,-15.4,0,-10.6,0,0.65748393,0,0.34251607
3/5/2017,2017,3,5,-13.49583333,0,-17,0,-7.1,0,0.65748393,0,0.34251607
3/5/2018,2018,3,5,-8.245833333,0,-11.1,0,-4.9,0,0.65748393,0,0.34251607
3/5/2019,2019,3,5,-11.94166667,0,-13.3,0,-10.8,0,0.65748393,0,0.34251607
4/5/2017,2017,4,5,-11.17291667,0,-14.4,0,-7.9,0,0.65748393,0,0.34251607
4/5/2018,2018,4,5,-0.4,0,-3.8,0,6.3,0,0.65748393,0,0.34251607
4/5/2019,2019,4,5,-2.483333333,0.01,-4.1,0,-0.4,0.01,0.709825528,1.2,0.290174472
5/5/2017,2017,5,5,-1.272916667,0,-5.5,0,2,0,0.65748393,0,0.34251607
5/5/2018,2018,5,5,-1.53125,0,-4.4,0,4.5,0,0.65748393,0,0.34251607
5/5/2019,2019,5,5,-0.127083333,0,-5.7,0,7.6,0,0.65748393,0,0.34251607
6/5/2017,2017,6,5,3.625,0,-1.4,0,11,0,0.65748393,0,0.34251607
6/5/2018,2018,6,5,3.704166667,0,1.1,0,6.8,0,0.65748393,0,0.34251607
6/5/2019,2019,6,5,1.61875,0.96,-0.9,0,7.3,0.55,0.895316804,7.6,0.104683196
7/5/2017,2017,7,5,8.945833333,0,5.9,0,11.3,0,0.65748393,0,0.34251607
7/5/2018,2018,7,5,6.625,0,2.7,0,11.6,0,0.65748393,0,0.34251607
7/5/2019,2019,7,5,7.189583333,0,3.6,0,11.4,0,0.65748393,0,0.34251607
8/5/2017,2017,8,5,6.0875,0,-0.2,0,11.8,0,0.65748393,0,0.34251607
8/5/2018,2018,8,5,9.764583333,0,4.8,0,14.7,0,0.65748393,0,0.34251607
8/5/2019,2019,8,5,10.325,0,6.2,0,14.8,0,0.65748393,0,0.34251607
9/5/2016,2016,9,5,4.85625,0.37,1.6,0,9.4,0.24,0.856749311,5.7,0.143250689
9/5/2017,2017,9,5,4.6375,0,0.4,0,9.2,0,0.65748393,0,0.34251607
9/5/2018,2018,9,5,5.279166667,0,1.7,0,9.4,0,0.65748393,0,0.34251607
10/5/2016,2016,10,5,0.735416667,0,-1.8,0,4.1,0,0.65748393,0,0.34251607
10/5/2017,2017,10,5,-6.6,0,-8.3,0,-4.6,0,0.65748393,0,0.34251607
10/5/2018,2018,10,5,3.004166667,0,0.3,0,6.9,0,0.65748393,0,0.34251607
11/5/2016,2016,11,5,-7.13125,0,-13.6,0,-2.7,0,0.65748393,0,0.34251607
11/5/2017,2017,11,5,-3.45,0,-7.6,0,0.4,0,0.65748393,0,0.34251607
11/5/2018,2018,11,5,-8.779166667,0,-12.9,0,-3.4,0,0.65748393,0,0.34251607
12/5/2016,2016,12,5,-6.604166667,1.26,-8.7,0,-5.4,0.43,0.912764004,9.2,0.087235996
12/5/2017,2017,12,5,-14.97083333,0,-18,0,-13.3,0,0.65748393,0,0.34251607
12/5/2018,2018,12,5,-7.533333333,0,-9.1,0,-5.1,0,0.65748393,0,0.34251607
1/6/2017,2017,1,6,-16.94166667,0,-18.7,0,-14.5,0,0.65748393,0,0.34251607
1/6/2018,2018,1,6,-12.56458333,0,-13.5,0,-10.6,0,0.65748393,0,0.34251607
1/6/2019,2019,1,6,-14.04583333,0,-17.2,0,-11.3,0,0.65748393,0,0.34251607
2/6/2017,2017,2,6,-14.25208333,0,-18,0,-10.3,0,0.65748393,0,0.34251607
2/6/2018,2018,2,6,-19.52291667,1.63,-23.9,0,-16.4,0.37,0.927456382,10.9,0.072543618
2/6/2019,2019,2,6,-18.10416667,0,-21,0,-15,0,0.65748393,0,0.34251607
3/6/2017,2017,3,6,-14.8,0.03,-17.2,0,-9,0.02,0.742883379,1.9,0.257116621
3/6/2018,2018,3,6,-5.822916667,0.12,-8.1,0,-3.7,0.03,0.807162534,3.7,0.192837466
3/6/2019,2019,3,6,-11.07083333,0,-12.8,0,-9.1,0,0.65748393,0,0.34251607
4/6/2017,2017,4,6,-12.91458333,0,-18.6,0,-1.7,0,0.65748393,0,0.34251607
4/6/2018,2018,4,6,-0.179166667,0,-3.7,0,2.7,0,0.65748393,0,0.34251607
4/6/2019,2019,4,6,-5.29375,0.06,-8.6,0,-2.1,0.02,0.769513315,2.5,0.230486685
5/6/2017,2017,5,6,-0.004166667,4.14,-1.5,0,1.6,0.61,0.964187328,17.5,0.035812672
5/6/2018,2018,5,6,-2.70625,0.01,-4.9,0,-0.7,0.01,0.709825528,1.2,0.290174472
5/6/2019,2019,5,6,0.579166667,0,-3.2,0,7.2,0,0.65748393,0,0.34251607
6/6/2017,2017,6,6,0.914583333,2.8,-1.8,0,3.4,0.56,0.949494949,12.9,0.050505051
6/6/2018,2018,6,6,5.19375,0,1.2,0,9.1,0,0.65748393,0,0.34251607
6/6/2019,2019,6,6,0.545833333,1.39,-1.3,0,2.6,0.45,0.921028466,10.1,0.078971534
7/6/2017,2017,7,6,9.866666667,0,5,0,13.8,0,0.65748393,0,0.34251607
7/6/2018,2018,7,6,8.635416667,0,3.9,0,14,0,0.65748393,0,0.34251607
7/6/2019,2019,7,6,5.470833333,10.18,1.8,0,10.1,2.9,0.986225895,25,0.013774105
8/6/2017,2017,8,6,10.65833333,0,5.5,0,16.2,0,0.65748393,0,0.34251607
8/6/2018,2018,8,6,10.87083333,0,6.5,0,14.5,0,0.65748393,0,0.34251607
8/6/2019,2019,8,6,10.99583333,0,7.3,0,15.4,0,0.65748393,0,0.34251607
9/6/2016,2016,9,6,5.564583333,0,3,0,9.2,0,0.65748393,0,0.34251607
9/6/2017,2017,9,6,5.091666667,0.03,2.6,0,8,0.02,0.742883379,1.9,0.257116621
9/6/2018,2018,9,6,4.902083333,0,1.6,0,8.9,0,0.65748393,0,0.34251607
10/6/2016,2016,10,6,0.825,0,-1.8,0,5.2,0,0.65748393,0,0.34251607
10/6/2017,2017,10,6,-5.229166667,0,-7.3,0,-1.8,0,0.65748393,0,0.34251607
10/6/2018,2018,10,6,0.664583333,0.01,-0.6,0,2.5,0.01,0.709825528,1.2,0.290174472
11/6/2016,2016,11,6,-6.183333333,0,-7.8,0,-4.2,0,0.65748393,0,0.34251607
11/6/2017,2017,11,6,-2.664583333,0.13,-5.6,0,-1,0.03,0.809917355,3.7,0.190082645
11/6/2018,2018,11,6,-3.533333333,0.03,-6.5,0,-1.3,0.02,0.742883379,1.9,0.257116621
12/6/2016,2016,12,6,-5.870833333,2.5,-7.2,0,-4.5,1.17,0.947658402,12.3,0.052341598
12/6/2017,2017,12,6,-16.02291667,0,-18.9,0,-13.5,0,0.65748393,0,0.34251607
12/6/2018,2018,12,6,-8.820833333,0,-9.7,0,-7.6,0,0.65748393,0,0.34251607
1/7/2017,2017,1,7,-17.79791667,0,-18.7,0,-15.6,0,0.65748393,0,0.34251607
1/7/2018,2018,1,7,-12.89791667,0,-14.5,0,-11.5,0,0.65748393,0,0.34251607
1/7/2019,2019,1,7,-9.164583333,0,-11.1,0,-6.3,0,0.65748393,0,0.34251607
2/7/2017,2017,2,7,-12.64375,0,-15.2,0,-9.9,0,0.65748393,0,0.34251607
2/7/2018,2018,2,7,-23.89583333,0,-26.5,0,-20.7,0,0.65748393,0,0.34251607
2/7/2019,2019,2,7,-18.71875,0,-21.3,0,-15.8,0,0.65748393,0,0.34251607
3/7/2017,2017,3,7,-15.77708333,0,-17.6,0,-9,0,0.65748393,0,0.34251607
3/7/2018,2018,3,7,-7.160416667,0.09,-10.4,0,-4.2,0.03,0.791551882,3.1,0.208448118
3/7/2019,2019,3,7,-10.94375,0,-13.7,0,-3.9,0,0.65748393,0,0.34251607
4/7/2017,2017,4,7,-9.189583333,0,-12.9,0,-2.7,0,0.65748393,0,0.34251607
4/7/2018,2018,4,7,-2.204166667,1.06,-5.2,0,1.2,0.42,0.898989899,8,0.101010101
4/7/2019,2019,4,7,-2.0125,0,-6.3,0,4.3,0,0.65748393,0,0.34251607
5/7/2017,2017,5,7,-0.654166667,0.9,-4.4,0,1.9,0.81,0.89164371,7.4,0.10835629
5/7/2018,2018,5,7,-3.46875,0,-8.3,0,4.8,0,0.65748393,0,0.34251607
5/7/2019,2019,5,7,1.435416667,0,-3.2,0,6.7,0,0.65748393,0,0.34251607
6/7/2017,2017,6,7,1.170833333,0,-4.6,0,7,0,0.65748393,0,0.34251607
6/7/2018,2018,6,7,6.110416667,0,3.2,0,10.4,0,0.65748393,0,0.34251607
6/7/2019,2019,6,7,2.477083333,0.75,0.6,0,4.2,0.36,0.882460973,6.8,0.117539027
7/7/2017,2017,7,7,11.17291667,0,7.5,0,15.7,0,0.65748393,0,0.34251607
7/7/2018,2018,7,7,9.504166667,0,6.2,0,13.2,0,0.65748393,0,0.34251607
7/7/2019,2019,7,7,7.25,0,3.4,0,11,0,0.65748393,0,0.34251607
8/7/2017,2017,8,7,11.81458333,0,8.3,0,16.4,0,0.65748393,0,0.34251607
8/7/2018,2018,8,7,9.7375,0,6.3,0,13.4,0,0.65748393,0,0.34251607
8/7/2019,2019,8,7,12,0,8.5,0,15.8,0,0.65748393,0,0.34251607
9/7/2016,2016,9,7,4.720833333,0.08,2.3,0,6.9,0.05,0.787878788,3,0.212121212
9/7/2017,2017,9,7,5.539583333,0,2.5,0,9.4,0,0.65748393,0,0.34251607
9/7/2018,2018,9,7,4.66875,0,2.6,0,8.3,0,0.65748393,0,0.34251607
10/7/2016,2016,10,7,-0.870833333,0,-3.4,0,2.9,0,0.65748393,0,0.34251607
10/7/2017,2017,10,7,-5.06875,0,-7,0,1,0,0.65748393,0,0.34251607
10/7/2018,2018,10,7,-2.24375,0.05,-4.7,0,0.1,0.03,0.757575758,2.2,0.242424242
11/7/2016,2016,11,7,-8.0375,0.01,-9.7,0,-6.3,0.01,0.709825528,1.2,0.290174472
11/7/2017,2017,11,7,-5.808333333,0,-8.2,0,-4,0,0.65748393,0,0.34251607
11/7/2018,2018,11,7,-7.816666667,0.17,-12.2,0,-4.9,0.06,0.822773186,4.3,0.177226814
12/7/2016,2016,12,7,-5.152083333,15.75,-10.9,0,-3,2.03,0.993572084,33.3,0.006427916
12/7/2017,2017,12,7,-9.629166667,0,-16.1,0,-3.5,0,0.65748393,0,0.34251607
12/7/2018,2018,12,7,-6.614583333,0,-9.9,0,-4.5,0,0.65748393,0,0.34251607
1/8/2017,2017,1,8,-17.24375,0,-18.6,0,-15,0,0.65748393,0,0.34251607
1/8/2018,2018,1,8,-12.99375,0,-14.3,0,-11.9,0,0.65748393,0,0.34251607
1/8/2019,2019,1,8,-11.01041667,0.02,-13.4,0,-9.3,0.01,0.721763085,1.4,0.278236915
2/8/2017,2017,2,8,-13.36875,0,-14,0,-12.3,0,0.65748393,0,0.34251607
2/8/2018,2018,2,8,-19.65,0,-23.7,0,-15.6,0,0.65748393,0,0.34251607
2/8/2019,2019,2,8,-16.83125,0,-23.4,0,-11.1,0,0.65748393,0,0.34251607
3/8/2017,2017,3,8,-14.21666667,0,-17.6,0,-4.6,0,0.65748393,0,0.34251607
3/8/2018,2018,3,8,-6.220833333,0,-10.2,0,-2.4,0,0.65748393,0,0.34251607
3/8/2019,2019,3,8,-10.75833333,0,-12.9,0,-5.9,0,0.65748393,0,0.34251607
4/8/2017,2017,4,8,-6.516666667,0,-9.9,0,0,0,0.65748393,0,0.34251607
4/8/2018,2018,4,8,-6.677083333,0,-10.1,0,-2.2,0,0.65748393,0,0.34251607
4/8/2019,2019,4,8,-2.03125,0.07,-4,0,-0.4,0.02,0.776859504,2.6,0.223140496
5/8/2017,2017,5,8,0.779166667,0,-2.4,0,4.5,0,0.65748393,0,0.34251607
5/8/2018,2018,5,8,-1.475,0,-5.7,0,3.1,0,0.65748393,0,0.34251607
5/8/2019,2019,5,8,2.829166667,0,-1.6,0,8.3,0,0.65748393,0,0.34251607
6/8/2017,2017,6,8,4.929166667,0,0.2,0,9.7,0,0.65748393,0,0.34251607
6/8/2018,2018,6,8,2.710416667,1.46,0,0,5.9,0.52,0.923783287,10.4,0.076216713
6/8/2019,2019,6,8,0.035416667,2.38,-3,0,2.2,0.65,0.945821855,12.1,0.054178145
7/8/2017,2017,7,8,12.56041667,0,8.7,0,17.3,0,0.65748393,0,0.34251607
7/8/2018,2018,7,8,10.81875,0,7.8,0,15.1,0,0.65748393,0,0.34251607
7/8/2019,2019,7,8,7.35,0,4.6,0,10,0,0.65748393,0,0.34251607
8/8/2017,2017,8,8,12.4375,0,8.7,0,17.4,0,0.65748393,0,0.34251607
8/8/2018,2018,8,8,9.425,0,4.2,0,12.8,0,0.65748393,0,0.34251607
8/8/2019,2019,8,8,12.44166667,0.01,9.2,0,16.6,0.01,0.709825528,1.2,0.290174472
9/8/2016,2016,9,8,5.204166667,0.1,2.1,0,8.7,0.04,0.797061524,3.3,0.202938476
9/8/2017,2017,9,8,6.85625,0,3.5,0,11.2,0,0.65748393,0,0.34251607
9/8/2018,2018,9,8,4.777083333,0,0.9,0,8.7,0,0.65748393,0,0.34251607
10/8/2016,2016,10,8,-1.039583333,0,-3.5,0,3.7,0,0.65748393,0,0.34251607
10/8/2017,2017,10,8,-2.102083333,0,-7.3,0,4.1,0,0.65748393,0,0.34251607
10/8/2018,2018,10,8,-1.75625,0,-4.7,0,1.4,0,0.65748393,0,0.34251607
11/8/2016,2016,11,8,-6.4625,0,-10.7,0,-3.5,0,0.65748393,0,0.34251607
11/8/2017,2017,11,8,-7.529166667,0,-9.8,0,-5.6,0,0.65748393,0,0.34251607
11/8/2018,2018,11,8,-12.15833333,0.03,-15.2,0,-9.5,0.01,0.742883379,1.9,0.257116621
12/8/2016,2016,12,8,-10.32083333,0.11,-13,0,-8.1,0.04,0.800734619,3.5,0.199265381
12/8/2017,2017,12,8,-1.995833333,0,-5.1,0,0,0,0.65748393,0,0.34251607
12/8/2018,2018,12,8,-7.077083333,0.01,-8.4,0,-5.6,0.01,0.709825528,1.2,0.290174472
1/9/2017,2017,1,9,-13.28125,0,-17.1,0,-9.9,0,0.65748393,0,0.34251607
1/9/2018,2018,1,9,-13.61458333,0,-15.5,0,-12.4,0,0.65748393,0,0.34251607
1/9/2019,2019,1,9,-14.03958333,0.01,-16,0,-11.7,0.01,0.709825528,1.2,0.290174472
2/9/2017,2017,2,9,-13.78541667,0,-14.3,0,-13.2,0,0.65748393,0,0.34251607
2/9/2018,2018,2,9,-15.59583333,0,-19.9,0,-9.8,0,0.65748393,0,0.34251607
2/9/2019,2019,2,9,-11.42083333,0.01,-12.6,0,-9.6,0.01,0.709825528,1.2,0.290174472
3/9/2017,2017,3,9,-15.21041667,0,-16.9,0,-12.9,0,0.65748393,0,0.34251607
3/9/2018,2018,3,9,-5.104166667,0.03,-6.7,0,-3.9,0.01,0.742883379,1.9,0.257116621
3/9/2019,2019,3,9,-12.575,0,-15.4,0,-10.1,0,0.65748393,0,0.34251607
4/9/2017,2017,4,9,-5.1875,0,-8.1,0,3.8,0,0.65748393,0,0.34251607
4/9/2018,2018,4,9,-6.616666667,0,-8.8,0,-4.2,0,0.65748393,0,0.34251607
4/9/2019,2019,4,9,-0.845833333,0.15,-2.4,0,0.2,0.06,0.816345271,4.1,0.183654729
5/9/2017,2017,5,9,1.789583333,0,-2.5,0,4.3,0,0.65748393,0,0.34251607
5/9/2018,2018,5,9,-0.141666667,0,-4,0,3.2,0,0.65748393,0,0.34251607
5/9/2019,2019,5,9,2.777083333,0,-1,0,10.7,0,0.65748393,0,0.34251607
6/9/2017,2017,6,9,4.379166667,0,1.3,0,7.9,0,0.65748393,0,0.34251607
6/9/2018,2018,6,9,1.84375,0.59,-1.7,0,6.4,0.55,0.877869605,6.6,0.122130395
6/9/2019,2019,6,9,0.45625,0.19,-1.7,0,3,0.08,0.829201102,4.4,0.170798898
7/9/2017,2017,7,9,12.08541667,0,9,0,16.1,0,0.65748393,0,0.34251607
7/9/2018,2018,7,9,11.04375,0,7.6,0,14.9,0,0.65748393,0,0.34251607
7/9/2019,2019,7,9,6.347916667,3.87,3.2,0,9.3,2.29,0.962350781,16.7,0.037649219
8/9/2017,2017,8,9,12.25416667,0,8.9,0,15.7,0,0.65748393,0,0.34251607
8/9/2018,2018,8,9,9.5,0,6,0,13.8,0,0.65748393,0,0.34251607
8/9/2019,2019,8,9,9.861111111,0,8.1,0,13.1,0,0.65748393,0,0.34251607
9/9/2016,2016,9,9,3.414583333,3.8,0,0,5.4,0.97,0.960514233,15.6,0.039485767
9/9/2017,2017,9,9,6.291666667,0,3.4,0,9.6,0,0.65748393,0,0.34251607
9/9/2018,2018,9,9,5.670833333,0,2,0,9.1,0,0.65748393,0,0.34251607
10/9/2016,2016,10,9,-1.608333333,0,-4.4,0,1.7,0,0.65748393,0,0.34251607
10/9/2017,2017,10,9,3.045833333,0,0.5,0,6.1,0,0.65748393,0,0.34251607
10/9/2018,2018,10,9,-2.889583333,0,-5.2,0,0.6,0,0.65748393,0,0.34251607
11/9/2016,2016,11,9,-3.4125,0,-5.4,0,-0.8,0,0.65748393,0,0.34251607
11/9/2017,2017,11,9,-7.8125,0,-10,0,-5.7,0,0.65748393,0,0.34251607
11/9/2018,2018,11,9,-9.166666667,0,-11.3,0,-6.4,0,0.65748393,0,0.34251607
12/9/2016,2016,12,9,-12.59583333,0.05,-14.7,0,-10,0.04,0.757575758,2.2,0.242424242
12/9/2017,2017,12,9,-9.264583333,0.41,-13.2,0,-0.9,0.2,0.86134068,5.9,0.13865932
12/9/2018,2018,12,9,-8.279166667,0,-10.1,0,-7.5,0,0.65748393,0,0.34251607
1/10/2017,2017,1,10,-10.08125,0,-12.2,0,-7.1,0,0.65748393,0,0.34251607
1/10/2018,2018,1,10,-11.1875,0,-14.2,0,-9.9,0,0.65748393,0,0.34251607
1/10/2019,2019,1,10,-12.65833333,0,-14.8,0,-10,0,0.65748393,0,0.34251607
2/10/2017,2017,2,10,-12.38333333,0.01,-13.5,0,-10.8,0.01,0.709825528,1.2,0.290174472
2/10/2018,2018,2,10,-9.491666667,0,-12.3,0,-7.5,0,0.65748393,0,0.34251607
2/10/2019,2019,2,10,-9.475,0,-13.1,0,-7.8,0,0.65748393,0,0.34251607
3/10/2017,2017,3,10,-17.93125,0,-20.1,0,-16.5,0,0.65748393,0,0.34251607
3/10/2018,2018,3,10,-3.679166667,0.19,-5.5,0,-1.6,0.04,0.829201102,4.4,0.170798898
3/10/2019,2019,3,10,-12.7,0,-14.6,0,-6.9,0,0.65748393,0,0.34251607
4/10/2017,2017,4,10,-5.204166667,0,-9.5,0,-1.9,0,0.65748393,0,0.34251607
4/10/2018,2018,4,10,-9.527083333,0,-10.5,0,-7.8,0,0.65748393,0,0.34251607
4/10/2019,2019,4,10,-1.91875,0.17,-3.3,0,-0.7,0.11,0.822773186,4.3,0.177226814
5/10/2017,2017,5,10,1.977083333,0.4,-1.5,0,4.9,0.33,0.860422406,5.9,0.139577594
5/10/2018,2018,5,10,3.654166667,0,0.3,0,7.5,0,0.65748393,0,0.34251607
5/10/2019,2019,5,10,2.7875,0,-1.2,0,9.1,0,0.65748393,0,0.34251607
6/10/2017,2017,6,10,3.729166667,0.02,1.6,0,6.8,0.01,0.721763085,1.4,0.278236915
6/10/2018,2018,6,10,3.783333333,0.33,1.2,0,6.3,0.31,0.850321396,5.4,0.149678604
6/10/2019,2019,6,10,-2.925,0.2,-5,0,-0.9,0.13,0.830119376,4.5,0.169880624
7/10/2017,2017,7,10,10.725,0.01,7.9,0,14.4,0.01,0.709825528,1.2,0.290174472
7/10/2018,2018,7,10,10.82291667,0,7.6,0,14.3,0,0.65748393,0,0.34251607
7/10/2019,2019,7,10,8.45625,0,3.6,0,13.4,0,0.65748393,0,0.34251607
8/10/2017,2017,8,10,10.18958333,0,6.6,0,14.4,0,0.65748393,0,0.34251607
8/10/2018,2018,8,10,10.07708333,0.01,6.1,0,14.4,0.01,0.709825528,1.2,0.290174472
9/10/2016,2016,9,10,7.2,0.01,3.9,0,11.7,0.01,0.709825528,1.2,0.290174472
9/10/2017,2017,9,10,5.027083333,0,2,0,8.1,0,0.65748393,0,0.34251607
9/10/2018,2018,9,10,5.485416667,0.05,1.8,0,8.6,0.03,0.757575758,2.2,0.242424242
10/10/2016,2016,10,10,-2.56875,0,-5.2,0,1.7,0,0.65748393,0,0.34251607
10/10/2017,2017,10,10,3.116666667,0,1.3,0,6.2,0,0.65748393,0,0.34251607
10/10/2018,2018,10,10,-3.7625,0.03,-8.5,0,2.8,0.02,0.742883379,1.9,0.257116621
11/10/2016,2016,11,10,-5.86875,0,-7.8,0,-3.6,0,0.65748393,0,0.34251607
11/10/2017,2017,11,10,-8.139583333,0.04,-10.6,0,-5.9,0.01,0.752066116,2.2,0.247933884
11/10/2018,2018,11,10,-9.660416667,0,-11.3,0,-8.3,0,0.65748393,0,0.34251607
12/10/2016,2016,12,10,-11.92291667,0,-14.8,0,-10.5,0,0.65748393,0,0.34251607
12/10/2017,2017,12,10,-14.12708333,3.64,-17,0,-12.3,0.92,0.95959596,14.8,0.04040404
12/10/2018,2018,12,10,-10.56875,0,-13,0,-8.8,0,0.65748393,0,0.34251607
1/11/2017,2017,1,11,-12.6,0,-15.6,0,-8.9,0,0.65748393,0,0.34251607
1/11/2018,2018,1,11,-14.08125,0.81,-16.3,0,-10.7,0.11,0.885215794,6.9,0.114784206
1/11/2019,2019,1,11,-13.84583333,0,-17.4,0,-11.4,0,0.65748393,0,0.34251607
2/11/2017,2017,2,11,-13.17916667,0,-15.7,0,-11.8,0,0.65748393,0,0.34251607
2/11/2018,2018,2,11,-12.61458333,0,-14.2,0,-10.1,0,0.65748393,0,0.34251607
2/11/2019,2019,2,11,-9.766666667,0,-11.3,0,-8,0,0.65748393,0,0.34251607
3/11/2017,2017,3,11,-18.88958333,0,-20.5,0,-17.7,0,0.65748393,0,0.34251607
3/11/2018,2018,3,11,-4.8,1.26,-6.4,0,-2.8,0.49,0.912764004,9.2,0.087235996
3/11/2019,2019,3,11,-9.727083333,0,-13.7,0,-4.4,0,0.65748393,0,0.34251607
4/11/2017,2017,4,11,-4.5125,0.56,-5.8,0,-3.1,0.08,0.876951331,6.5,0.123048669
4/11/2018,2018,4,11,-8.5875,0,-14.6,0,1.7,0,0.65748393,0,0.34251607
4/11/2019,2019,4,11,-2.829166667,0.01,-5.1,0,0.6,0.01,0.709825528,1.2,0.290174472
5/11/2017,2017,5,11,2.745833333,0.13,-1.3,0,9.5,0.07,0.809917355,3.7,0.190082645
5/11/2018,2018,5,11,7.316666667,1.18,3.4,0,10.9,0.62,0.906336088,8.7,0.093663912
5/11/2019,2019,5,11,2.13125,0,-1.9,0,6.8,0,0.65748393,0,0.34251607
6/11/2017,2017,6,11,3.727083333,0.09,0,0,8.2,0.04,0.791551882,3.1,0.208448118
6/11/2018,2018,6,11,1.158333333,0.56,-1.4,0,3.5,0.23,0.876951331,6.5,0.123048669
6/11/2019,2019,6,11,-2.266666667,0.03,-5.2,0,2.1,0.03,0.742883379,1.9,0.257116621
7/11/2017,2017,7,11,9.25625,0,6.1,0,12.8,0,0.65748393,0,0.34251607
7/11/2018,2018,7,11,8.433333333,1.77,4.8,0,11.9,0.65,0.93204775,11.1,0.06795225
7/11/2019,2019,7,11,10.3125,0,5.5,0,15.2,0,0.65748393,0,0.34251607
8/11/2017,2017,8,11,4.447916667,5.96,1.7,0,6.9,1.96,0.974288338,21.3,0.025711662
8/11/2018,2018,8,11,9.814583333,0.49,6.7,0,13.6,0.49,0.87144169,6.3,0.12855831
9/11/2016,2016,9,11,3.24375,3.81,0.8,0,6.1,0.81,0.961432507,16.5,0.038567493
9/11/2017,2017,9,11,3.7125,0,1.8,0,7.9,0,0.65748393,0,0.34251607
9/11/2018,2018,9,11,3.7375,0,-0.3,0,8.1,0,0.65748393,0,0.34251607
10/11/2016,2016,10,11,-0.99375,0,-4.3,0,2.7,0,0.65748393,0,0.34251607
10/11/2017,2017,10,11,2.158333333,0,0.6,0,6.6,0,0.65748393,0,0.34251607
10/11/2018,2018,10,11,-4.9875,0,-8.2,0,1.1,0,0.65748393,0,0.34251607
11/11/2016,2016,11,11,-7.1375,0,-9,0,-4.5,0,0.65748393,0,0.34251607
11/11/2017,2017,11,11,-4.445833333,0,-6.3,0,-2.1,0,0.65748393,0,0.34251607
11/11/2018,2018,11,11,-9.59375,0.01,-11,0,-8.4,0.01,0.709825528,1.2,0.290174472
12/11/2016,2016,12,11,-12.76666667,0.01,-15.1,0,-9.8,0.01,0.709825528,1.2,0.290174472
12/11/2017,2017,12,11,-11.85,0,-13.4,0,-9.9,0,0.65748393,0,0.34251607
12/11/2018,2018,12,11,-12.64166667,0,-14.7,0,-10.2,0,0.65748393,0,0.34251607
1/12/2017,2017,1,12,-15.87291667,0,-17.7,0,-14.3,0,0.65748393,0,0.34251607
1/12/2018,2018,1,12,-15.83333333,0.47,-17.2,0,-12.9,0.08,0.868686869,6.2,0.131313131
1/12/2019,2019,1,12,-17.26041667,0,-19.1,0,-14.6,0,0.65748393,0,0.34251607
2/12/2017,2017,2,12,-13.94166667,0,-15.6,0,-12.8,0,0.65748393,0,0.34251607
2/12/2018,2018,2,12,-12.39583333,0,-14.8,0,-9.3,0,0.65748393,0,0.34251607
2/12/2019,2019,2,12,-8.35625,0,-12.8,0,-4.6,0,0.65748393,0,0.34251607
3/12/2017,2017,3,12,-19.07708333,0,-20.4,0,-17.7,0,0.65748393,0,0.34251607
3/12/2018,2018,3,12,-6.652083333,0.02,-8.6,0,-3.9,0.01,0.721763085,1.4,0.278236915
3/12/2019,2019,3,12,-8.864583333,0,-11.2,0,-2.3,0,0.65748393,0,0.34251607
4/12/2017,2017,4,12,-4.008333333,0.32,-5.2,0,-2.5,0.05,0.849403122,5.4,0.150596878
4/12/2018,2018,4,12,-4.847916667,0,-8.9,0,5.7,0,0.65748393,0,0.34251607
4/12/2019,2019,4,12,-3.672916667,0,-6.9,0,-1.4,0,0.65748393,0,0.34251607
5/12/2017,2017,5,12,5.475,0,2.3,0,9.3,0,0.65748393,0,0.34251607
5/12/2018,2018,5,12,3.410416667,6.83,0,0,7.9,2.55,0.97979798,23.1,0.02020202
5/12/2019,2019,5,12,0.127083333,0,-2.4,0,4.8,0,0.65748393,0,0.34251607
6/12/2017,2017,6,12,4.1125,1.74,0,0,9.3,0.78,0.931129477,11,0.068870523
6/12/2018,2018,6,12,3.472916667,1.98,2.5,0,5.4,1.02,0.937557392,11.5,0.062442608
6/12/2019,2019,6,12,0.179166667,0.49,-5.4,0,6.4,0.25,0.87144169,6.3,0.12855831
7/12/2017,2017,7,12,6.239583333,4.38,3.7,0,8.6,1.07,0.966023875,18.2,0.033976125
7/12/2018,2018,7,12,7.608333333,0,4.9,0,10.9,0,0.65748393,0,0.34251607
7/12/2019,2019,7,12,10.18541667,0,6.1,0,13.9,0,0.65748393,0,0.34251607
8/12/2017,2017,8,12,2.541666667,0,-2.1,0,6.5,0,0.65748393,0,0.34251607
8/12/2018,2018,8,12,5.895833333,10.72,2,0,9.1,2.6,0.987144169,25.5,0.012855831
9/12/2016,2016,9,12,2.941666667,0.4,0.6,0,6.1,0.4,0.860422406,5.9,0.139577594
9/12/2017,2017,9,12,2.71875,0,-0.9,0,6.4,0,0.65748393,0,0.34251607
9/12/2018,2018,9,12,2.364583333,0,-1.4,0,6.7,0,0.65748393,0,0.34251607
10/12/2016,2016,10,12,-1.995833333,0.01,-3.3,0,0,0.01,0.709825528,1.2,0.290174472
10/12/2017,2017,10,12,0.077083333,0,-2.6,0,2.3,0,0.65748393,0,0.34251607
10/12/2018,2018,10,12,-4.6125,0.01,-6.6,0,-2.8,0.01,0.709825528,1.2,0.290174472
11/12/2016,2016,11,12,-6.6875,0,-9,0,-3.8,0,0.65748393,0,0.34251607
11/12/2017,2017,11,12,-3.289583333,0,-4.8,0,-0.7,0,0.65748393,0,0.34251607
11/12/2018,2018,11,12,-13.60625,0,-19.2,0,-10.8,0,0.65748393,0,0.34251607
12/12/2016,2016,12,12,-10.88541667,0,-12.7,0,-9.6,0,0.65748393,0,0.34251607
12/12/2017,2017,12,12,-13.7375,0,-14.8,0,-12.4,0,0.65748393,0,0.34251607
12/12/2018,2018,12,12,-13.53125,0,-15.2,0,-11.4,0,0.65748393,0,0.34251607
1/13/2017,2017,1,13,-18.04166667,0.02,-20,0,-15.6,0.02,0.721763085,1.4,0.278236915
1/13/2018,2018,1,13,-12.67291667,0.08,-14.7,0,-11.9,0.05,0.787878788,3,0.212121212
1/13/2019,2019,1,13,-12.85625,0,-16.3,0,-9.1,0,0.65748393,0,0.34251607
2/13/2017,2017,2,13,-11.54583333,0.02,-13.8,0,-8.9,0.01,0.721763085,1.4,0.278236915
2/13/2018,2018,2,13,-11.59583333,0,-13.3,0,-9.7,0,0.65748393,0,0.34251607
2/13/2019,2019,2,13,-5.320833333,0.08,-7.2,0,-3.3,0.04,0.787878788,3,0.212121212
3/13/2017,2017,3,13,-18.60208333,0,-19.9,0,-16.8,0,0.65748393,0,0.34251607
3/13/2018,2018,3,13,-7.9,0,-9.4,0,-6.3,0,0.65748393,0,0.34251607
3/13/2019,2019,3,13,-8.408333333,0,-11.3,0,0.1,0,0.65748393,0,0.34251607
4/13/2017,2017,4,13,-7.641666667,2.44,-12.5,0,-2.4,1.11,0.946740129,12.3,0.053259871
4/13/2018,2018,4,13,-3.78125,0,-7.7,0,0.2,0,0.65748393,0,0.34251607
4/13/2019,2019,4,13,-0.475,0,-4,0,6.9,0,0.65748393,0,0.34251607
5/13/2017,2017,5,13,5.702083333,0,2.3,0,11.8,0,0.65748393,0,0.34251607
5/13/2018,2018,5,13,0.54375,2.31,-1.4,0,1.8,0.7,0.943985308,12,0.056014692
5/13/2019,2019,5,13,0.50625,0,-2.8,0,8.5,0,0.65748393,0,0.34251607
6/13/2017,2017,6,13,4.7,0.12,2.1,0,7.3,0.12,0.807162534,3.7,0.192837466
6/13/2018,2018,6,13,4.58125,0,1.6,0,7.6,0,0.65748393,0,0.34251607
6/13/2019,2019,6,13,3.039583333,0,-2.1,0,9.9,0,0.65748393,0,0.34251607
7/13/2017,2017,7,13,4.3875,13.96,1.7,0,6.4,6.11,0.991735537,30.8,0.008264463
7/13/2018,2018,7,13,7.15,0.06,3.4,0,10.7,0.05,0.769513315,2.5,0.230486685
7/13/2019,2019,7,13,9.833333333,0,6,0,13.3,0,0.65748393,0,0.34251607
8/13/2017,2017,8,13,4.633333333,0,0.4,0,8.3,0,0.65748393,0,0.34251607
8/13/2018,2018,8,13,7.226229508,0,2.9,0,12.5,0,0.65748393,0,0.34251607
9/13/2016,2016,9,13,-1.85625,0.94,-3.4,0,0.1,0.4,0.893480257,7.5,0.106519743
9/13/2017,2017,9,13,3.0375,0,0,0,7.2,0,0.65748393,0,0.34251607
9/13/2018,2018,9,13,1.8625,0,-1.1,0,6,0,0.65748393,0,0.34251607
10/13/2016,2016,10,13,-3.8375,2.86,-7.7,0,-2.3,0.46,0.950413223,13,0.049586777
10/13/2017,2017,10,13,-1.766666667,0,-4.3,0,3.6,0,0.65748393,0,0.34251607
10/13/2018,2018,10,13,-7.889583333,1.18,-11.1,0,-6.1,0.28,0.906336088,8.7,0.093663912
11/13/2016,2016,11,13,-5.608333333,0.06,-8.3,0,-3.4,0.03,0.769513315,2.5,0.230486685
11/13/2017,2017,11,13,-4.479166667,0,-5.8,0,-2,0,0.65748393,0,0.34251607
11/13/2018,2018,11,13,-14.9125,0,-20.8,0,-10.9,0,0.65748393,0,0.34251607
12/13/2016,2016,12,13,-10.175,0,-13.2,0,-5.1,0,0.65748393,0,0.34251607
12/13/2017,2017,12,13,-14.15208333,0,-15.5,0,-12.7,0,0.65748393,0,0.34251607
12/13/2018,2018,12,13,-13.225,0,-14.6,0,-11.3,0,0.65748393,0,0.34251607
1/14/2017,2017,1,14,-15.37916667,0,-17.3,0,-12.6,0,0.65748393,0,0.34251607
1/14/2018,2018,1,14,-12.64166667,0.16,-13.6,0,-11.9,0.04,0.818181818,4.1,0.181818182
1/14/2019,2019,1,14,-8.329166667,0.01,-11.2,0,-6.1,0.01,0.709825528,1.2,0.290174472
2/14/2017,2017,2,14,-6.958333333,3,-8.9,0,-5.5,0.74,0.95224977,13.2,0.04775023
2/14/2018,2018,2,14,-9.808333333,0.09,-11.7,0,-8.7,0.03,0.791551882,3.1,0.208448118
2/14/2019,2019,2,14,-11.44166667,0,-15.3,0,-6.3,0,0.65748393,0,0.34251607
3/14/2017,2017,3,14,-16.87916667,0,-20,0,-13,0,0.65748393,0,0.34251607
3/14/2018,2018,3,14,-10.8375,0.01,-12.7,0,-7.3,0.01,0.709825528,1.2,0.290174472
3/14/2019,2019,3,14,-8.879166667,0,-11.6,0,-6.7,0,0.65748393,0,0.34251607
4/14/2017,2017,4,14,-4.125,0,-9.3,0,4,0,0.65748393,0,0.34251607
4/14/2018,2018,4,14,-1.410416667,0,-4.9,0,1.4,0,0.65748393,0,0.34251607
4/14/2019,2019,4,14,1.058333333,0,-2.7,0,7.2,0,0.65748393,0,0.34251607
5/14/2017,2017,5,14,5.691666667,0,2,0,8.5,0,0.65748393,0,0.34251607
5/14/2018,2018,5,14,-0.745833333,0,-4.4,0,9.8,0,0.65748393,0,0.34251607
5/14/2019,2019,5,14,1.645833333,0,-4,0,8.2,0,0.65748393,0,0.34251607
6/14/2017,2017,6,14,5.31875,13.38,2.6,0,8.6,3.57,0.990817264,30.6,0.009182736
6/14/2018,2018,6,14,3.452083333,10.97,0.2,0,5.4,5.2,0.988062443,27.3,0.011937557
6/14/2019,2019,6,14,2.910416667,0,-0.3,0,7.2,0,0.65748393,0,0.34251607
7/14/2017,2017,7,14,3.6375,0,0.3,0,7.2,0,0.65748393,0,0.34251607
7/14/2018,2018,7,14,5.808333333,6.16,4,0,8.2,0.96,0.975206612,21.8,0.024793388
7/14/2019,2019,7,14,10.14791667,0,6.7,0,13.8,0,0.65748393,0,0.34251607
8/14/2017,2017,8,14,4.8375,0,1.7,0,8,0,0.65748393,0,0.34251607
8/14/2018,2018,8,14,9.4875,0.06,5.6,0,13.7,0.05,0.769513315,2.5,0.230486685
9/14/2016,2016,9,14,1.7,0,-2.3,0,6.3,0,0.65748393,0,0.34251607
9/14/2017,2017,9,14,3.327083333,0,-0.5,0,7.5,0,0.65748393,0,0.34251607
9/14/2018,2018,9,14,2.16875,0,-2,0,6.3,0,0.65748393,0,0.34251607
10/14/2016,2016,10,14,-6.7,0.03,-11.9,0,-3.6,0.02,0.742883379,1.9,0.257116621
10/14/2017,2017,10,14,-1.65625,0,-3.8,0,0.5,0,0.65748393,0,0.34251607
10/14/2018,2018,10,14,-10.1375,0.06,-11.7,0,-9,0.02,0.769513315,2.5,0.230486685
11/14/2016,2016,11,14,-9.158333333,0,-11.5,0,-7.7,0,0.65748393,0,0.34251607
11/14/2017,2017,11,14,-6.241666667,0,-7.6,0,-3.6,0,0.65748393,0,0.34251607
11/14/2018,2018,11,14,-14.6125,0,-15.7,0,-12.1,0,0.65748393,0,0.34251607
12/14/2016,2016,12,14,-4.739583333,0.03,-7.3,0,-3.4,0.03,0.742883379,1.9,0.257116621
12/14/2017,2017,12,14,-14.86666667,0,-16.6,0,-11.6,0,0.65748393,0,0.34251607
12/14/2018,2018,12,14,-9.152083333,0,-11.9,0,-6.5,0,0.65748393,0,0.34251607
1/15/2017,2017,1,15,-14.25,0,-15.9,0,-12.5,0,0.65748393,0,0.34251607
1/15/2018,2018,1,15,-12.88333333,1.23,-13.4,0,-12.3,0.21,0.908172635,8.9,0.091827365
1/15/2019,2019,1,15,-8.852083333,0.18,-12.5,0,-6.6,0.04,0.825528007,4.3,0.174471993
2/15/2017,2017,2,15,-10.20208333,0.17,-11.4,0,-8.2,0.06,0.822773186,4.3,0.177226814
2/15/2018,2018,2,15,-10.91666667,0,-17.2,0,-7.9,0,0.65748393,0,0.34251607
2/15/2019,2019,2,15,-15.01666667,0,-17.9,0,-13.2,0,0.65748393,0,0.34251607
3/15/2017,2017,3,15,-9.441666667,0,-13,0,-2.5,0,0.65748393,0,0.34251607
3/15/2018,2018,3,15,-13.89375,0.09,-16.5,0,-12.5,0.03,0.791551882,3.1,0.208448118
3/15/2019,2019,3,15,-7.920833333,0,-11.6,0,-5.4,0,0.65748393,0,0.34251607
4/15/2017,2017,4,15,3.175,0,-2.6,0,6.4,0,0.65748393,0,0.34251607
4/15/2018,2018,4,15,-1.322916667,0,-2.3,0,-0.7,0,0.65748393,0,0.34251607
4/15/2019,2019,4,15,0.720833333,0.45,-1.3,0,2.8,0.13,0.865932048,6.1,0.134067952
5/15/2017,2017,5,15,4.947916667,1.19,2.5,0,8.7,0.84,0.907254362,8.7,0.092745638
5/15/2018,2018,5,15,-0.510416667,0.01,-3.9,0,6.6,0.01,0.709825528,1.2,0.290174472
5/15/2019,2019,5,15,1.204166667,0,-2.9,0,6,0,0.65748393,0,0.34251607
6/15/2017,2017,6,15,5.629166667,1,3.4,0,7.7,0.69,0.897153352,7.9,0.102846648
6/15/2018,2018,6,15,0.697916667,0.96,-1.9,0,4.9,0.32,0.895316804,7.6,0.104683196
6/15/2019,2019,6,15,0.954166667,1.13,-0.6,0,2.5,0.42,0.904499541,8.5,0.095500459
7/15/2017,2017,7,15,4.270833333,0,-1.6,0,8.8,0,0.65748393,0,0.34251607
7/15/2018,2018,7,15,7.86875,0,4.6,0,12.7,0,0.65748393,0,0.34251607
7/15/2019,2019,7,15,10.77083333,0,6.3,0,14.7,0,0.65748393,0,0.34251607
8/15/2017,2017,8,15,4.027083333,0,2,0,7.1,0,0.65748393,0,0.34251607
8/15/2018,2018,8,15,10.4625,0,6.3,0,14.9,0,0.65748393,0,0.34251607
9/15/2016,2016,9,15,4.935416667,0,1.7,0,8.5,0,0.65748393,0,0.34251607
9/15/2017,2017,9,15,4.76875,0,0.4,0,10.8,0,0.65748393,0,0.34251607
9/15/2018,2018,9,15,1.93125,0.01,-0.7,0,4.8,0.01,0.709825528,1.2,0.290174472
10/15/2016,2016,10,15,-0.96875,0,-4.3,0,1.1,0,0.65748393,0,0.34251607
10/15/2017,2017,10,15,-2.127083333,0,-3.7,0,-0.6,0,0.65748393,0,0.34251607
10/15/2018,2018,10,15,-8.691666667,1.24,-10,0,-7.8,0.13,0.910927456,9,0.089072544
11/15/2016,2016,11,15,-8.158333333,0.03,-10.3,0,-6.6,0.01,0.742883379,1.9,0.257116621
11/15/2017,2017,11,15,-9.041666667,0,-10.9,0,-7.1,0,0.65748393,0,0.34251607
11/15/2018,2018,11,15,-14.15416667,0,-15.9,0,-11.5,0,0.65748393,0,0.34251607
12/15/2016,2016,12,15,-6.510416667,0,-8.1,0,-5.1,0,0.65748393,0,0.34251607
12/15/2017,2017,12,15,-13.69583333,0,-15.1,0,-11.2,0,0.65748393,0,0.34251607
12/15/2018,2018,12,15,-8.8,0,-11.7,0,-7.5,0,0.65748393,0,0.34251607
1/16/2017,2017,1,16,-12.49791667,0,-14.8,0,-10,0,0.65748393,0,0.34251607
1/16/2018,2018,1,16,-12.475,0,-13.4,0,-11.7,0,0.65748393,0,0.34251607
1/16/2019,2019,1,16,-13.22083333,0,-15.5,0,-11.7,0,0.65748393,0,0.34251607
2/16/2017,2017,2,16,-8.145833333,0.46,-11.3,0,-5.7,0.14,0.866850321,6.2,0.133149679
2/16/2018,2018,2,16,-15.87083333,0,-17.5,0,-12.7,0,0.65748393,0,0.34251607
2/16/2019,2019,2,16,-10.56875,0,-17.3,0,-5.8,0,0.65748393,0,0.34251607
3/16/2017,2017,3,16,-10.43333333,0,-14.4,0,-6.8,0,0.65748393,0,0.34251607
3/16/2018,2018,3,16,-15.68541667,0.03,-19.1,0,-12.3,0.01,0.742883379,1.9,0.257116621
3/16/2019,2019,3,16,-4.020833333,0,-7,0,2.5,0,0.65748393,0,0.34251607
4/16/2017,2017,4,16,2.74375,0.84,1,0,4.7,0.25,0.887052342,7.1,0.112947658
4/16/2018,2018,4,16,-2.960416667,0.14,-4.7,0,-0.4,0.07,0.81359045,4,0.18640955
4/16/2019,2019,4,16,-2.48125,0.34,-4.9,0,0,0.27,0.852157943,5.5,0.147842057
5/16/2017,2017,5,16,3.608333333,0.26,0.9,0,8.7,0.16,0.840220386,5.2,0.159779614
5/16/2018,2018,5,16,-0.441666667,0.05,-2.7,0,10,0.03,0.757575758,2.2,0.242424242
5/16/2019,2019,5,16,0.84375,0,-3,0,6.9,0,0.65748393,0,0.34251607
6/16/2017,2017,6,16,7.560416667,0,4.2,0,11,0,0.65748393,0,0.34251607
6/16/2018,2018,6,16,2.554166667,0,-2,0,8,0,0.65748393,0,0.34251607
6/16/2019,2019,6,16,3.052083333,0.12,1.4,0,5.3,0.07,0.807162534,3.7,0.192837466
7/16/2017,2017,7,16,6.40625,0,2.8,0,9.7,0,0.65748393,0,0.34251607
7/16/2018,2018,7,16,9.502083333,0,5.9,0,13.6,0,0.65748393,0,0.34251607
7/16/2019,2019,7,16,11.15625,0,6.4,0,15.3,0,0.65748393,0,0.34251607
8/16/2016,2016,8,16,1.683333333,1.38,0,0,3.2,0.57,0.919191919,10,0.080808081
8/16/2017,2017,8,16,3.485416667,0,-0.2,0,7,0,0.65748393,0,0.34251607
8/16/2018,2018,8,16,9.864583333,0,6.3,0,14.1,0,0.65748393,0,0.34251607
9/16/2016,2016,9,16,4.489583333,0,1.3,0,6.9,0,0.65748393,0,0.34251607
9/16/2017,2017,9,16,5.925,0,2.9,0,10.4,0,0.65748393,0,0.34251607
9/16/2018,2018,9,16,3.41875,0,-1.1,0,8,0,0.65748393,0,0.34251607
10/16/2016,2016,10,16,-0.827083333,0.51,-2.8,0,0.8,0.09,0.873278237,6.3,0.126721763
10/16/2017,2017,10,16,-3.047916667,0.08,-4.3,0,-1.3,0.02,0.787878788,3,0.212121212
10/16/2018,2018,10,16,-14.13333333,0.18,-17.3,0,-9.9,0.04,0.825528007,4.3,0.174471993
11/16/2016,2016,11,16,-7.322916667,1.31,-7.8,0,-6.9,0.18,0.915518825,9.5,0.084481175
11/16/2017,2017,11,16,-10.97916667,0,-13.1,0,-8.2,0,0.65748393,0,0.34251607
11/16/2018,2018,11,16,-11.72291667,0,-15,0,-9.2,0,0.65748393,0,0.34251607
12/16/2016,2016,12,16,-7.370833333,0.1,-10.7,0,-5.8,0.04,0.797061524,3.3,0.202938476
12/16/2017,2017,12,16,-14.51875,0,-16.2,0,-12.9,0,0.65748393,0,0.34251607
12/16/2018,2018,12,16,-12.12708333,0.31,-15,0,-10.3,0.08,0.846648301,5.3,0.153351699
1/17/2017,2017,1,17,-13.35833333,0,-14.6,0,-11.2,0,0.65748393,0,0.34251607
1/17/2018,2018,1,17,-13.72708333,0,-16.5,0,-13,0,0.65748393,0,0.34251607
1/17/2019,2019,1,17,-11.5375,0,-14.3,0,-7.9,0,0.65748393,0,0.34251607
2/17/2017,2017,2,17,-6.06875,0.22,-7.2,0,-5,0.13,0.832874197,4.9,0.167125803
2/17/2018,2018,2,17,-17.30625,0,-20.1,0,-15.5,0,0.65748393,0,0.34251607
2/17/2019,2019,2,17,-10.54375,0.06,-14.4,0,-7.7,0.03,0.769513315,2.5,0.230486685
3/17/2017,2017,3,17,-11.53958333,0,-14.2,0,-8,0,0.65748393,0,0.34251607
3/17/2018,2018,3,17,-9.8375,0,-14.8,0,-3.7,0,0.65748393,0,0.34251607
3/17/2019,2019,3,17,-4.254166667,0,-6.5,0,-2.2,0,0.65748393,0,0.34251607
4/17/2017,2017,4,17,0.270833333,2.1,-1.3,0,2.6,0.31,0.941230487,11.7,0.058769513
4/17/2018,2018,4,17,-2.352083333,0,-4.5,0,-0.9,0,0.65748393,0,0.34251607
4/17/2019,2019,4,17,-3.285416667,0,-5.8,0,1.8,0,0.65748393,0,0.34251607
5/17/2017,2017,5,17,2.579166667,0.15,0,0,5.2,0.08,0.816345271,4.1,0.183654729
5/17/2018,2018,5,17,-1.604166667,0.03,-5.5,0,6.6,0.03,0.742883379,1.9,0.257116621
5/17/2019,2019,5,17,0.920833333,0.88,-1.7,0,8.4,0.48,0.889807163,7.4,0.110192837
6/17/2017,2017,6,17,7.420833333,0,4.1,0,10.8,0,0.65748393,0,0.34251607
6/17/2018,2018,6,17,4.554166667,0,1.3,0,9,0,0.65748393,0,0.34251607
6/17/2019,2019,6,17,3.689583333,0,1.1,0,6.8,0,0.65748393,0,0.34251607
7/17/2017,2017,7,17,5.247916667,0,2,0,8.8,0,0.65748393,0,0.34251607
7/17/2018,2018,7,17,9.435416667,0,5,0,13.2,0,0.65748393,0,0.34251607
7/17/2019,2019,7,17,9.922916667,3.19,7.1,0,14,1.43,0.956841139,14,0.043158861
8/17/2016,2016,8,17,2.3,1.5,0.5,0,5.3,0.98,0.924701561,10.7,0.075298439
8/17/2017,2017,8,17,1.007317073,0.13,-2,0,4.7,0.09,0.809917355,3.7,0.190082645
8/17/2018,2018,8,17,8.96875,0.44,6.1,0,13.8,0.39,0.8640955,6,0.1359045
9/17/2016,2016,9,17,4.108333333,2.14,1.1,0,6.2,0.75,0.94214876,11.9,0.05785124
9/17/2017,2017,9,17,5.220833333,0.1,2.9,0,8.4,0.04,0.797061524,3.3,0.202938476
9/17/2018,2018,9,17,4.39375,0,0.5,0,8.5,0,0.65748393,0,0.34251607
10/17/2016,2016,10,17,-3.6,8.04,-4.8,0,-1.7,1.25,0.981634527,24,0.018365473
10/17/2017,2017,10,17,-2.06875,0,-4.6,0,0.6,0,0.65748393,0,0.34251607
10/17/2018,2018,10,17,-16.76458333,0,-20.9,0,-12.8,0,0.65748393,0,0.34251607
11/17/2016,2016,11,17,-8.777083333,0,-9.6,0,-7,0,0.65748393,0,0.34251607
11/17/2017,2017,11,17,-7.322916667,0,-9.7,0,-4.2,0,0.65748393,0,0.34251607
11/17/2018,2018,11,17,-10.27916667,0,-12.3,0,-7.1,0,0.65748393,0,0.34251607
12/17/2016,2016,12,17,-12.70208333,0.22,-14.3,0,-11.1,0.09,0.832874197,4.9,0.167125803
12/17/2017,2017,12,17,-14.33958333,0,-16.5,0,-12,0,0.65748393,0,0.34251607
12/17/2018,2018,12,17,-11.24791667,0.8,-13.1,0,-10.4,0.22,0.883379247,6.8,0.116620753
1/18/2017,2017,1,18,-14.02708333,0,-15.9,0,-12.4,0,0.65748393,0,0.34251607
1/18/2018,2018,1,18,-13.39583333,0,-14.8,0,-11.6,0,0.65748393,0,0.34251607
1/18/2019,2019,1,18,-5.908333333,0,-9.3,0,-3.1,0,0.65748393,0,0.34251607
2/18/2017,2017,2,18,-7.291666667,0.07,-13.6,0,-4.6,0.02,0.776859504,2.6,0.223140496
2/18/2018,2018,2,18,-16.92083333,0,-20.6,0,-12,0,0.65748393,0,0.34251607
2/18/2019,2019,2,18,-14.97083333,0,-17.1,0,-13.6,0,0.65748393,0,0.34251607
3/18/2017,2017,3,18,-10.80208333,0,-14.2,0,-6.9,0,0.65748393,0,0.34251607
3/18/2018,2018,3,18,-3.597916667,0,-7.5,0,-0.2,0,0.65748393,0,0.34251607
3/18/2019,2019,3,18,-4.147916667,0,-8,0,-0.9,0,0.65748393,0,0.34251607
4/18/2017,2017,4,18,-1.516666667,0.5,-3.4,0,0.7,0.23,0.872359963,6.3,0.127640037
4/18/2018,2018,4,18,-8.047916667,0.01,-11,0,-4.3,0.01,0.709825528,1.2,0.290174472
4/18/2019,2019,4,18,-0.647916667,0,-5.4,0,0.9,0,0.65748393,0,0.34251607
5/18/2017,2017,5,18,-0.414583333,4.54,-2.6,0,2.9,1.81,0.966942149,18.4,0.033057851
5/18/2018,2018,5,18,-1.310416667,0,-4.3,0,3.6,0,0.65748393,0,0.34251607
5/18/2019,2019,5,18,-0.814583333,1.52,-3.6,0,2,0.82,0.925619835,10.7,0.074380165
6/18/2017,2017,6,18,7.00625,0.08,3.8,0,12.4,0.08,0.787878788,3,0.212121212
6/18/2018,2018,6,18,4.958333333,0,0.1,0,9.2,0,0.65748393,0,0.34251607
6/18/2019,2019,6,18,3.3375,0,-0.2,0,7,0,0.65748393,0,0.34251607
7/18/2017,2017,7,18,6.26875,0,1.3,0,10.3,0,0.65748393,0,0.34251607
7/18/2018,2018,7,18,9.975,0,5.1,0,16,0,0.65748393,0,0.34251607
7/18/2019,2019,7,18,10.25,0,6.8,0,14.3,0,0.65748393,0,0.34251607
8/18/2016,2016,8,18,2.086956522,0.9,-0.9,0,6.3,0.36,0.89164371,7.4,0.10835629
8/18/2017,2017,8,18,3.245833333,0,-2.1,0,10.2,0,0.65748393,0,0.34251607
8/18/2018,2018,8,18,8.65625,0,5.7,0,12.2,0,0.65748393,0,0.34251607
9/18/2016,2016,9,18,6.2875,0,4.5,0,8.7,0,0.65748393,0,0.34251607
9/18/2017,2017,9,18,2.475,0,-0.5,0,5.9,0,0.65748393,0,0.34251607
9/18/2018,2018,9,18,5.375,0,1.3,0,9.1,0,0.65748393,0,0.34251607
10/18/2016,2016,10,18,-6.3375,5.91,-12.7,0,-3.2,1.17,0.972451791,20.5,0.027548209
10/18/2017,2017,10,18,-5.53125,0.66,-10.7,0,0.9,0.08,0.878787879,6.6,0.121212121
10/18/2018,2018,10,18,-8.95625,0,-14.7,0,-5.7,0,0.65748393,0,0.34251607
11/18/2016,2016,11,18,-6.73125,0,-8.5,0,-5.4,0,0.65748393,0,0.34251607
11/18/2017,2017,11,18,-7.877083333,0,-11.2,0,-6,0,0.65748393,0,0.34251607
11/18/2018,2018,11,18,-11.49375,0,-13.4,0,-9.2,0,0.65748393,0,0.34251607
12/18/2016,2016,12,18,-15.05833333,0.25,-17.5,0,-13.4,0.08,0.838383838,5.1,0.161616162
12/18/2017,2017,12,18,-10.91458333,0,-12.1,0,-10.1,0,0.65748393,0,0.34251607
12/18/2018,2018,12,18,-11.66458333,1.99,-12.5,0,-10.6,0.41,0.938475666,11.5,0.061524334
1/19/2017,2017,1,19,-15.39375,0,-17.2,0,-13.8,0,0.65748393,0,0.34251607
1/19/2018,2018,1,19,-12.49583333,0,-14.2,0,-11,0,0.65748393,0,0.34251607
1/19/2019,2019,1,19,-7.377083333,0,-9.2,0,-5.7,0,0.65748393,0,0.34251607
2/19/2017,2017,2,19,-18.60833333,0,-22.3,0,-13.8,0,0.65748393,0,0.34251607
2/19/2018,2018,2,19,-11.84375,0,-18.5,0,-5.2,0,0.65748393,0,0.34251607
2/19/2019,2019,2,19,-13.10208333,0,-15.6,0,-11.6,0,0.65748393,0,0.34251607
3/19/2017,2017,3,19,-10.98541667,0,-12.2,0,-10.1,0,0.65748393,0,0.34251607
3/19/2018,2018,3,19,-2.552083333,0,-4.3,0,-1.8,0,0.65748393,0,0.34251607
3/19/2019,2019,3,19,-4.504166667,0,-7.5,0,0.3,0,0.65748393,0,0.34251607
4/19/2017,2017,4,19,-1.96875,0,-5.8,0,0.8,0,0.65748393,0,0.34251607
4/19/2018,2018,4,19,-10.77708333,0.04,-14.8,0,-2.8,0.04,0.752066116,2.2,0.247933884
4/19/2019,2019,4,19,-0.7875,0.55,-1.9,0,0.2,0.11,0.875114784,6.4,0.124885216
5/19/2017,2017,5,19,-0.3125,0.04,-4.9,0,4.7,0.03,0.752066116,2.2,0.247933884
5/19/2018,2018,5,19,-0.675,0,-3.7,0,4.8,0,0.65748393,0,0.34251607
5/19/2019,2019,5,19,-0.74375,3.36,-3,0,3.8,2.45,0.957759412,14.3,0.042240588
6/19/2017,2017,6,19,6.30625,9.58,2.5,0,10.6,4.1,0.985307622,24.6,0.014692378
6/19/2018,2018,6,19,5.427083333,0,2.5,0,8.1,0,0.65748393,0,0.34251607
6/19/2019,2019,6,19,3.120833333,0.14,-0.7,0,6.4,0.14,0.81359045,4,0.18640955
7/19/2017,2017,7,19,6.641666667,0,2.7,0,10.4,0,0.65748393,0,0.34251607
7/19/2018,2018,7,19,11.7,0,7.8,0,15.9,0,0.65748393,0,0.34251607
7/19/2019,2019,7,19,11.02291667,0,7.2,0,16,0,0.65748393,0,0.34251607
8/19/2016,2016,8,19,4.883333333,0.11,1.7,0,8.9,0.09,0.800734619,3.5,0.199265381
8/19/2017,2017,8,19,6.08125,0,2.4,0,10.9,0,0.65748393,0,0.34251607
8/19/2018,2018,8,19,8.329166667,0,6.2,0,10.9,0,0.65748393,0,0.34251607
9/19/2016,2016,9,19,6.20625,0.08,4.5,0,8.2,0.05,0.787878788,3,0.212121212
9/19/2017,2017,9,19,2.8875,0,0.4,0,6.6,0,0.65748393,0,0.34251607
9/19/2018,2018,9,19,4.435416667,0,2.9,0,7.2,0,0.65748393,0,0.34251607
10/19/2016,2016,10,19,-11.02083333,0.01,-14.6,0,-8.6,0.01,0.709825528,1.2,0.290174472
10/19/2017,2017,10,19,-9.94375,0.28,-11.3,0,-7.5,0.07,0.84389348,5.3,0.15610652
10/19/2018,2018,10,19,-10.25625,0,-11.9,0,-8.9,0,0.65748393,0,0.34251607
11/19/2016,2016,11,19,-6.7375,0.16,-11.5,0,-5.4,0.04,0.818181818,4.1,0.181818182
11/19/2017,2017,11,19,-11.89166667,0.01,-15.7,0,-8.4,0.01,0.709825528,1.2,0.290174472
11/19/2018,2018,11,19,-8.4625,0,-11,0,-6.2,0,0.65748393,0,0.34251607
12/19/2016,2016,12,19,-18.29166667,0,-19.7,0,-17.2,0,0.65748393,0,0.34251607
12/19/2017,2017,12,19,-9.597916667,0.01,-10.8,0,-8.5,0.01,0.709825528,1.2,0.290174472
12/19/2018,2018,12,19,-11.47291667,0,-14.3,0,-9.8,0,0.65748393,0,0.34251607
1/20/2017,2017,1,20,-13.14791667,0.01,-14.9,0,-12,0.01,0.709825528,1.2,0.290174472
1/20/2018,2018,1,20,-8.54375,0,-11.1,0,-5.5,0,0.65748393,0,0.34251607
1/20/2019,2019,1,20,-9.366666667,0,-15.3,0,-5.6,0,0.65748393,0,0.34251607
2/20/2017,2017,2,20,-16.97291667,0,-23.1,0,-12.1,0,0.65748393,0,0.34251607
2/20/2018,2018,2,20,-4.4375,0,-8,0,-0.2,0,0.65748393,0,0.34251607
2/20/2019,2019,2,20,-14.00833333,0.22,-19.3,0,-11.8,0.05,0.832874197,4.9,0.167125803
3/20/2017,2017,3,20,-6.460416667,0,-9.8,0,-2.7,0,0.65748393,0,0.34251607
3/20/2018,2018,3,20,-2.602083333,0,-5.4,0,3.7,0,0.65748393,0,0.34251607
3/20/2019,2019,3,20,-6.247916667,0,-8.3,0,1.7,0,0.65748393,0,0.34251607
4/20/2017,2017,4,20,-0.547916667,0.03,-4,0,3,0.02,0.742883379,1.9,0.257116621
4/20/2018,2018,4,20,-8.8625,0.03,-13.1,0,-0.9,0.03,0.742883379,1.9,0.257116621
4/20/2019,2019,4,20,-1.360416667,1.24,-2.9,0,0.2,0.25,0.910927456,9,0.089072544
5/20/2017,2017,5,20,2.06875,0,-2.5,0,11.3,0,0.65748393,0,0.34251607
5/20/2018,2018,5,20,0.764583333,0,-2.8,0,9,0,0.65748393,0,0.34251607
5/20/2019,2019,5,20,1.752083333,0,-3.5,0,5.2,0,0.65748393,0,0.34251607
6/20/2017,2017,6,20,6.360416667,1.65,2.2,0,9.7,0.93,0.929292929,10.9,0.070707071
6/20/2018,2018,6,20,2.104166667,4.64,0,0,4,1.65,0.967860422,18.6,0.032139578
6/20/2019,2019,6,20,4.241666667,0,0.2,0,8.3,0,0.65748393,0,0.34251607
7/20/2017,2017,7,20,7.316666667,0,2.4,0,11.3,0,0.65748393,0,0.34251607
7/20/2018,2018,7,20,11.75416667,0,8.1,0,15.4,0,0.65748393,0,0.34251607
7/20/2019,2019,7,20,10.88541667,0,7.7,0,15.7,0,0.65748393,0,0.34251607
8/20/2016,2016,8,20,5.752083333,0.01,1.4,0,9.6,0.01,0.709825528,1.2,0.290174472
8/20/2017,2017,8,20,5.102083333,0.01,1.1,0,7.7,0.01,0.709825528,1.2,0.290174472
8/20/2018,2018,8,20,7.697916667,11.79,2.8,0,12.4,3.45,0.98989899,30.2,0.01010101
9/20/2016,2016,9,20,6.914583333,0,3.8,0,10.7,0,0.65748393,0,0.34251607
9/20/2017,2017,9,20,5.1875,0,1.8,0,9.7,0,0.65748393,0,0.34251607
9/20/2018,2018,9,20,0.529166667,2.9,-1.3,0,3.2,1.21,0.951331497,13.1,0.048668503
10/20/2016,2016,10,20,-10.25625,0,-12,0,-7.2,0,0.65748393,0,0.34251607
10/20/2017,2017,10,20,-4.1125,0,-10.8,0,1.4,0,0.65748393,0,0.34251607
10/20/2018,2018,10,20,-7.158333333,0,-11.2,0,-2.6,0,0.65748393,0,0.34251607
11/20/2016,2016,11,20,-14.90833333,0.04,-16.8,0,-11.8,0.03,0.752066116,2.2,0.247933884
11/20/2017,2017,11,20,-8.927083333,0,-11,0,-6.6,0,0.65748393,0,0.34251607
11/20/2018,2018,11,20,-9.841666667,0.04,-12.3,0,-7,0.02,0.752066116,2.2,0.247933884
12/20/2016,2016,12,20,-13.43541667,0,-18.4,0,-11,0,0.65748393,0,0.34251607
12/20/2017,2017,12,20,-9.491666667,0.04,-10.3,0,-8.8,0.01,0.752066116,2.2,0.247933884
12/20/2018,2018,12,20,-16.96041667,0,-20.7,0,-14.6,0,0.65748393,0,0.34251607
1/21/2017,2017,1,21,-12.11875,0,-12.9,0,-11.3,0,0.65748393,0,0.34251607
1/21/2018,2018,1,21,-6.152083333,0,-8.2,0,-3.4,0,0.65748393,0,0.34251607
1/21/2019,2019,1,21,-15.82916667,0.01,-17.6,0,-14,0.01,0.709825528,1.2,0.290174472
2/21/2017,2017,2,21,-14.025,0,-15.5,0,-9.8,0,0.65748393,0,0.34251607
2/21/2018,2018,2,21,-7.660416667,0.01,-10.9,0,-2.3,0.01,0.709825528,1.2,0.290174472
2/21/2019,2019,2,21,-18.27708333,0,-21.2,0,-15.2,0,0.65748393,0,0.34251607
3/21/2017,2017,3,21,-4.385416667,0.01,-6.1,0,-2.3,0.01,0.709825528,1.2,0.290174472
3/21/2018,2018,3,21,-2.454166667,0,-5.6,0,3.6,0,0.65748393,0,0.34251607
3/21/2019,2019,3,21,-6.995833333,0,-10,0,0,0,0.65748393,0,0.34251607
4/21/2017,2017,4,21,-3.097916667,0.03,-6,0,-0.7,0.03,0.742883379,1.9,0.257116621
4/21/2018,2018,4,21,-5.433333333,0,-9.9,0,0,0,0.65748393,0,0.34251607
4/21/2019,2019,4,21,-2.004166667,0.34,-5.6,0,0.2,0.14,0.852157943,5.5,0.147842057
5/21/2017,2017,5,21,5.277083333,0,1.8,0,9.8,0,0.65748393,0,0.34251607
5/21/2018,2018,5,21,1.360416667,0,-1.6,0,7.5,0,0.65748393,0,0.34251607
5/21/2019,2019,5,21,1.314583333,0.36,-0.6,0,3.7,0.11,0.854912764,5.6,0.145087236
6/21/2017,2017,6,21,7.985416667,0,5.5,0,10.8,0,0.65748393,0,0.34251607
6/21/2018,2018,6,21,3.033333333,0,-0.8,0,6.5,0,0.65748393,0,0.34251607
6/21/2019,2019,6,21,5.070833333,0,1.6,0,8.5,0,0.65748393,0,0.34251607
7/21/2017,2017,7,21,8.795833333,0,4,0,13.5,0,0.65748393,0,0.34251607
7/21/2018,2018,7,21,11.07291667,0,6.6,0,16.1,0,0.65748393,0,0.34251607
7/21/2019,2019,7,21,9.020833333,8.7,5.5,0,12.4,4.55,0.982552801,24.1,0.017447199
8/21/2016,2016,8,21,5.504166667,0,1.7,0,9,0,0.65748393,0,0.34251607
8/21/2017,2017,8,21,4.847916667,0,1.3,0,9,0,0.65748393,0,0.34251607
8/21/2018,2018,8,21,6.075,0,2.6,0,9.5,0,0.65748393,0,0.34251607
9/21/2016,2016,9,21,6.789583333,0,3.5,0,10.8,0,0.65748393,0,0.34251607
9/21/2017,2017,9,21,4.510416667,0,1,0,8.2,0,0.65748393,0,0.34251607
9/21/2018,2018,9,21,-0.33125,0.17,-1.2,0,1,0.06,0.822773186,4.3,0.177226814
10/21/2016,2016,10,21,-9.845833333,0,-11.6,0,-8.7,0,0.65748393,0,0.34251607
10/21/2017,2017,10,21,-1.09375,0,-4.8,0,1,0,0.65748393,0,0.34251607
10/21/2018,2018,10,21,-4.3375,0,-6.9,0,-0.6,0,0.65748393,0,0.34251607
11/21/2016,2016,11,21,-15.475,0,-16.6,0,-13.6,0,0.65748393,0,0.34251607
11/21/2017,2017,11,21,-7.6375,0,-9,0,-5.1,0,0.65748393,0,0.34251607
11/21/2018,2018,11,21,-6.341666667,0,-10.1,0,-4.7,0,0.65748393,0,0.34251607
12/21/2016,2016,12,21,-10.43958333,0.03,-11.8,0,-8.8,0.01,0.742883379,1.9,0.257116621
12/21/2017,2017,12,21,-9.716666667,0,-12,0,-8.2,0,0.65748393,0,0.34251607
12/21/2018,2018,12,21,-13.76666667,0,-15.6,0,-10.8,0,0.65748393,0,0.34251607
1/22/2017,2017,1,22,-11.89166667,0.1,-13,0,-10.7,0.03,0.797061524,3.3,0.202938476
1/22/2018,2018,1,22,-8.55625,0,-10.5,0,-6.5,0,0.65748393,0,0.34251607
1/22/2019,2019,1,22,-13.96041667,0,-15.1,0,-11.9,0,0.65748393,0,0.34251607
2/22/2017,2017,2,22,-13.475,0,-16.2,0,-9.2,0,0.65748393,0,0.34251607
2/22/2018,2018,2,22,-11.00625,0.01,-14.5,0,-7.1,0.01,0.709825528,1.2,0.290174472
2/22/2019,2019,2,22,-10.95,0,-15.2,0,-8.1,0,0.65748393,0,0.34251607
3/22/2017,2017,3,22,-5.327083333,0.03,-7.1,0,-3.2,0.02,0.742883379,1.9,0.257116621
3/22/2018,2018,3,22,-2.791666667,0,-4.1,0,-1.5,0,0.65748393,0,0.34251607
3/22/2019,2019,3,22,-7.158333333,0,-9.3,0,-5.5,0,0.65748393,0,0.34251607
4/22/2017,2017,4,22,-6.31875,0,-11.1,0,-1.9,0,0.65748393,0,0.34251607
4/22/2018,2018,4,22,-1.814583333,0,-5.2,0,1.2,0,0.65748393,0,0.34251607
4/22/2019,2019,4,22,-4.241666667,0.28,-5.8,0,-2.3,0.12,0.84389348,5.3,0.15610652
5/22/2017,2017,5,22,6.408333333,0,3,0,10.2,0,0.65748393,0,0.34251607
5/22/2018,2018,5,22,0.93125,0.01,-1.9,0,7.2,0.01,0.709825528,1.2,0.290174472
5/22/2019,2019,5,22,0.63125,3.1,-1.5,0,2.3,0.81,0.955004591,13.5,0.044995409
6/22/2017,2017,6,22,8.895833333,0,5.8,0,12.6,0,0.65748393,0,0.34251607
6/22/2018,2018,6,22,3.758333333,0,0.1,0,7.1,0,0.65748393,0,0.34251607
6/22/2019,2019,6,22,4.089583333,0.12,1.2,0,6.7,0.12,0.807162534,3.7,0.192837466
7/22/2017,2017,7,22,10,0,5.2,0,14.7,0,0.65748393,0,0.34251607
7/22/2018,2018,7,22,11.73541667,0,7.6,0,16.3,0,0.65748393,0,0.34251607
7/22/2019,2019,7,22,9.939583333,0.02,6.2,0,13.8,0.02,0.721763085,1.4,0.278236915
8/22/2016,2016,8,22,4.4625,0,2.4,0,8.9,0,0.65748393,0,0.34251607
8/22/2017,2017,8,22,5.466666667,0,1.6,0,9.4,0,0.65748393,0,0.34251607
8/22/2018,2018,8,22,5.929166667,0,2.2,0,9.6,0,0.65748393,0,0.34251607
9/22/2016,2016,9,22,7.704166667,0,3.7,0,11.8,0,0.65748393,0,0.34251607
9/22/2017,2017,9,22,3.460416667,0,0.8,0,7.7,0,0.65748393,0,0.34251607
9/22/2018,2018,9,22,0.404166667,0,-2,0,2.7,0,0.65748393,0,0.34251607
10/22/2016,2016,10,22,-12.17916667,0.01,-13.8,0,-9.9,0.01,0.709825528,1.2,0.290174472
10/22/2017,2017,10,22,-4.633333333,0,-7.4,0,0.1,0,0.65748393,0,0.34251607
10/22/2018,2018,10,22,-3.522916667,0,-5.1,0,-1.1,0,0.65748393,0,0.34251607
11/22/2016,2016,11,22,-15.78541667,0,-17.4,0,-14,0,0.65748393,0,0.34251607
11/22/2017,2017,11,22,-5.447916667,0,-7.3,0,-3,0,0.65748393,0,0.34251607
11/22/2018,2018,11,22,-8.2625,1.33,-9.5,0,-7,0.14,0.916437098,9.6,0.083562902
12/22/2016,2016,12,22,-12.53958333,0.39,-13.8,0,-10.5,0.11,0.858585859,5.8,0.141414141
12/22/2017,2017,12,22,-13.09583333,0,-15.9,0,-9.5,0,0.65748393,0,0.34251607
12/22/2018,2018,12,22,-11.99583333,0,-14.7,0,-10.8,0,0.65748393,0,0.34251607
1/23/2017,2017,1,23,-13.78958333,0.07,-17.1,0,-10.6,0.03,0.776859504,2.6,0.223140496
1/23/2018,2018,1,23,-12.2875,0,-14.2,0,-8.5,0,0.65748393,0,0.34251607
1/23/2019,2019,1,23,-14.5875,0,-16.8,0,-11.4,0,0.65748393,0,0.34251607
2/23/2017,2017,2,23,-11.82291667,0,-14.5,0,-9,0,0.65748393,0,0.34251607
2/23/2018,2018,2,23,-7.4625,0,-10.6,0,-4.8,0,0.65748393,0,0.34251607
2/23/2019,2019,2,23,-11.175,0,-13.5,0,-6.3,0,0.65748393,0,0.34251607
3/23/2017,2017,3,23,-5.58125,0,-8,0,-4,0,0.65748393,0,0.34251607
3/23/2018,2018,3,23,-5.125,0.08,-8.5,0,-2.9,0.04,0.787878788,3,0.212121212
3/23/2019,2019,3,23,-7.552083333,0,-11.3,0,-5,0,0.65748393,0,0.34251607
4/23/2017,2017,4,23,-2.9375,0,-7.8,0,3.6,0,0.65748393,0,0.34251607
4/23/2018,2018,4,23,-0.31875,0.12,-2.1,0,1.2,0.05,0.807162534,3.7,0.192837466
4/23/2019,2019,4,23,-1.704166667,0.99,-3.9,0,0.3,0.39,0.896235078,7.7,0.103764922
5/23/2017,2017,5,23,3.710416667,2.05,0,0,6.9,1.86,0.940312213,11.7,0.059687787
5/23/2018,2018,5,23,-2.2875,0.01,-4.6,0,0,0.01,0.709825528,1.2,0.290174472
5/23/2019,2019,5,23,1.295833333,0,-4.1,0,7.1,0,0.65748393,0,0.34251607
6/23/2017,2017,6,23,8.225,28.7,4.6,0,11,7.76,0.998163453,45.7,0.001836547
6/23/2018,2018,6,23,4.302083333,0.01,1.6,0,7.3,0.01,0.709825528,1.2,0.290174472
6/23/2019,2019,6,23,4.045833333,0,0.5,0,7.5,0,0.65748393,0,0.34251607
7/23/2017,2017,7,23,8.179166667,4.91,4.6,0,13.1,2.12,0.96969697,19.2,0.03030303
7/23/2018,2018,7,23,11.33541667,1.06,8.7,0,13.9,0.94,0.898989899,8,0.101010101
7/23/2019,2019,7,23,11.61041667,0,7.1,0,15.5,0,0.65748393,0,0.34251607
8/23/2016,2016,8,23,4.2875,0,0.5,0,8.4,0,0.65748393,0,0.34251607
8/23/2017,2017,8,23,6.1375,0,3.1,0,9.7,0,0.65748393,0,0.34251607
8/23/2018,2018,8,23,5.516666667,0,1.4,0,9.1,0,0.65748393,0,0.34251607
9/23/2016,2016,9,23,6.433333333,0,3.5,0,9.9,0,0.65748393,0,0.34251607
9/23/2017,2017,9,23,2.641666667,0,0.5,0,5.5,0,0.65748393,0,0.34251607
9/23/2018,2018,9,23,-1.764583333,0,-5.3,0,0.8,0,0.65748393,0,0.34251607
10/23/2016,2016,10,23,-11.12291667,0,-13.7,0,-9.9,0,0.65748393,0,0.34251607
10/23/2017,2017,10,23,-4.08125,0,-6.4,0,-1.9,0,0.65748393,0,0.34251607
10/23/2018,2018,10,23,-5.127083333,0,-7.3,0,-2.5,0,0.65748393,0,0.34251607
11/23/2016,2016,11,23,-14.63125,0,-16.5,0,-11.6,0,0.65748393,0,0.34251607
11/23/2017,2017,11,23,-3.625,0,-4.7,0,-2,0,0.65748393,0,0.34251607
11/23/2018,2018,11,23,-6.377083333,1.89,-8.5,0,-5.1,0.12,0.934802571,11.2,0.065197429
12/23/2016,2016,12,23,-17.11458333,0.75,-21.4,0,-13.8,0.16,0.882460973,6.8,0.117539027
12/23/2017,2017,12,23,-10.34166667,0,-11.8,0,-9.3,0,0.65748393,0,0.34251607
12/23/2018,2018,12,23,-12.12291667,0,-13.9,0,-11.2,0,0.65748393,0,0.34251607
1/24/2017,2017,1,24,-18.84375,0,-19.9,0,-17.2,0,0.65748393,0,0.34251607
1/24/2018,2018,1,24,-12.70833333,0,-15.9,0,-8.1,0,0.65748393,0,0.34251607
1/24/2019,2019,1,24,-16.30416667,0,-18.3,0,-14.7,0,0.65748393,0,0.34251607
2/24/2017,2017,2,24,-11.23541667,0,-15,0,-9.2,0,0.65748393,0,0.34251607
2/24/2018,2018,2,24,-6.816666667,0,-8.2,0,-4.5,0,0.65748393,0,0.34251607
2/24/2019,2019,2,24,-14.025,0,-16.8,0,-8.8,0,0.65748393,0,0.34251607
3/24/2017,2017,3,24,-4.020833333,0,-8.4,0,-2,0,0.65748393,0,0.34251607
3/24/2018,2018,3,24,-5.554166667,0.05,-6.9,0,-4.8,0.02,0.757575758,2.2,0.242424242
3/24/2019,2019,3,24,-8.995833333,0,-12.1,0,-6.9,0,0.65748393,0,0.34251607
4/24/2017,2017,4,24,1.904166667,0,-3.9,0,7.2,0,0.65748393,0,0.34251607
4/24/2018,2018,4,24,2.977083333,0.01,0.2,0,5.5,0.01,0.709825528,1.2,0.290174472
4/24/2019,2019,4,24,-4.110416667,0,-8.7,0,0,0,0.65748393,0,0.34251607
5/24/2017,2017,5,24,4.09375,0,-0.4,0,7.6,0,0.65748393,0,0.34251607
5/24/2018,2018,5,24,0.0625,0,-5.1,0,6.5,0,0.65748393,0,0.34251607
5/24/2019,2019,5,24,0.304166667,0,-4,0,7.4,0,0.65748393,0,0.34251607
6/24/2017,2017,6,24,5.652083333,5.93,3.2,0,8.2,5.35,0.973370064,20.8,0.026629936
6/24/2018,2018,6,24,1.177083333,4.3,-1.8,0,4.4,1.06,0.965105601,17.7,0.034894399
6/24/2019,2019,6,24,5.252083333,3.03,1.6,0,9.6,2.15,0.953168044,13.4,0.046831956
7/24/2017,2017,7,24,8.685416667,1.7,5.3,0,13.3,1.5,0.930211203,10.9,0.069788797
7/24/2018,2018,7,24,10.48958333,0,7.3,0,14.8,0,0.65748393,0,0.34251607
7/24/2019,2019,7,24,10.975,0,6.9,0,14.7,0,0.65748393,0,0.34251607
8/24/2016,2016,8,24,5.779166667,0,2.1,0,9.3,0,0.65748393,0,0.34251607
8/24/2017,2017,8,24,6.902083333,0,3.2,0,11.5,0,0.65748393,0,0.34251607
8/24/2018,2018,8,24,4.4875,0,1.1,0,7.8,0,0.65748393,0,0.34251607
9/24/2016,2016,9,24,2.64375,0.03,0.1,0,5.2,0.02,0.742883379,1.9,0.257116621
9/24/2017,2017,9,24,-0.097916667,0,-3.8,0,3.9,0,0.65748393,0,0.34251607
9/24/2018,2018,9,24,-1.991666667,0,-6.3,0,1.5,0,0.65748393,0,0.34251607
10/24/2016,2016,10,24,-11.0875,0.01,-12.4,0,-10.1,0.01,0.709825528,1.2,0.290174472
10/24/2017,2017,10,24,-5.26875,0.11,-7.6,0,-3.5,0.03,0.800734619,3.5,0.199265381
10/24/2018,2018,10,24,-4.7375,0,-6.3,0,-1.6,0,0.65748393,0,0.34251607
11/24/2016,2016,11,24,-15.14375,0,-17.2,0,-11.8,0,0.65748393,0,0.34251607
11/24/2017,2017,11,24,-3.577083333,0,-4.8,0,-0.8,0,0.65748393,0,0.34251607
11/24/2018,2018,11,24,-8.01875,3.42,-14.5,0,-4.7,0.51,0.958677686,14.5,0.041322314
12/24/2016,2016,12,24,-18.0125,0,-23.8,0,-11.3,0,0.65748393,0,0.34251607
12/24/2017,2017,12,24,-8.70625,0,-12.7,0,-5.1,0,0.65748393,0,0.34251607
12/24/2018,2018,12,24,-13.22916667,0,-15.1,0,-11.7,0,0.65748393,0,0.34251607
1/25/2017,2017,1,25,-16.475,0,-20.4,0,-12.5,0,0.65748393,0,0.34251607
1/25/2018,2018,1,25,-13,0,-15.8,0,-10.4,0,0.65748393,0,0.34251607
1/25/2019,2019,1,25,-14.37708333,0,-18,0,-12.2,0,0.65748393,0,0.34251607
2/25/2017,2017,2,25,-12.84583333,0.3,-16,0,-11.2,0.11,0.845730028,5.3,0.154269972
2/25/2018,2018,2,25,-6.572916667,0,-7.9,0,-5.3,0,0.65748393,0,0.34251607
2/25/2019,2019,2,25,-14.93125,0,-17.4,0,-13,0,0.65748393,0,0.34251607
3/25/2017,2017,3,25,-2.564583333,0.01,-4.8,0,-0.7,0.01,0.709825528,1.2,0.290174472
3/25/2018,2018,3,25,-0.185416667,0,-4.4,0,3.7,0,0.65748393,0,0.34251607
3/25/2019,2019,3,25,-7.035416667,0.1,-9.5,0,-5.4,0.09,0.797061524,3.3,0.202938476
4/25/2017,2017,4,25,3.827083333,0,1.2,0,8.5,0,0.65748393,0,0.34251607
4/25/2018,2018,4,25,-2.760416667,0.06,-4.9,0,0,0.03,0.769513315,2.5,0.230486685
4/25/2019,2019,4,25,-8.295833333,0.03,-11.5,0,-4.1,0.03,0.742883379,1.9,0.257116621
5/25/2017,2017,5,25,3.795833333,0.28,-0.5,0,7.8,0.25,0.84389348,5.3,0.15610652
5/25/2018,2018,5,25,3.68125,0,0.4,0,9.2,0,0.65748393,0,0.34251607
5/25/2019,2019,5,25,-2.577083333,0,-5,0,1.1,0,0.65748393,0,0.34251607
6/25/2017,2017,6,25,3.6375,0.06,1,0,5.5,0.04,0.769513315,2.5,0.230486685
6/25/2018,2018,6,25,0.454166667,1.29,-2.1,0,3.3,0.92,0.914600551,9.5,0.085399449
6/25/2019,2019,6,25,5.864583333,0.24,2.9,0,10.7,0.15,0.836547291,5,0.163452709
7/25/2017,2017,7,25,9.510416667,1.4,5.7,0,14.4,0.89,0.92194674,10.3,0.07805326
7/25/2018,2018,7,25,9.3375,0,4.2,0,13.9,0,0.65748393,0,0.34251607
7/25/2019,2019,7,25,9.74375,0,5.5,0,14.4,0,0.65748393,0,0.34251607
8/25/2016,2016,8,25,6.877083333,0,4.9,0,9.7,0,0.65748393,0,0.34251607
8/25/2017,2017,8,25,6.697916667,0,3.7,0,10.5,0,0.65748393,0,0.34251607
8/25/2018,2018,8,25,4.647916667,0,1,0,8.4,0,0.65748393,0,0.34251607
9/25/2016,2016,9,25,2.485416667,0,0.3,0,5.1,0,0.65748393,0,0.34251607
9/25/2017,2017,9,25,-0.672916667,0,-4.9,0,3.3,0,0.65748393,0,0.34251607
9/25/2018,2018,9,25,2.085416667,0,-1.2,0,6.2,0,0.65748393,0,0.34251607
10/25/2016,2016,10,25,-11.59375,0.01,-15,0,-10.4,0.01,0.709825528,1.2,0.290174472
10/25/2017,2017,10,25,-5.252083333,0,-7.2,0,-4.1,0,0.65748393,0,0.34251607
10/25/2018,2018,10,25,-3.16875,0,-6.8,0,-1.3,0,0.65748393,0,0.34251607
11/25/2016,2016,11,25,-10.66041667,0,-13.5,0,-8.1,0,0.65748393,0,0.34251607
11/25/2017,2017,11,25,-4.716666667,0,-6.3,0,-3.1,0,0.65748393,0,0.34251607
11/25/2018,2018,11,25,-9.366666667,0,-12.9,0,-5.8,0,0.65748393,0,0.34251607
12/25/2016,2016,12,25,-9.795833333,0,-12,0,-6.8,0,0.65748393,0,0.34251607
12/25/2017,2017,12,25,-6.175,1.1,-7.4,0,-4.2,0.15,0.90174472,8.2,0.09825528
12/25/2018,2018,12,25,-13.48958333,0,-15.2,0,-11.5,0,0.65748393,0,0.34251607
1/26/2017,2017,1,26,-11.15416667,0,-14.5,0,-8.9,0,0.65748393,0,0.34251607
1/26/2018,2018,1,26,-17.14791667,0,-21.1,0,-15.3,0,0.65748393,0,0.34251607
1/26/2019,2019,1,26,-14.43541667,0,-15.9,0,-12.2,0,0.65748393,0,0.34251607
2/26/2017,2017,2,26,-11.85,0,-18.1,0,-4.9,0,0.65748393,0,0.34251607
2/26/2018,2018,2,26,-3.758333333,0.07,-7,0,-1.6,0.03,0.776859504,2.6,0.223140496
2/26/2019,2019,2,26,-14.98958333,0,-16.3,0,-14,0,0.65748393,0,0.34251607
3/26/2017,2017,3,26,-3.245833333,2.32,-5.8,0,-1.9,0.83,0.944903581,12.1,0.055096419
3/26/2018,2018,3,26,-0.879166667,1.1,-4.2,0,2.8,0.37,0.90174472,8.2,0.09825528
3/26/2019,2019,3,26,-3.045833333,0.39,-7.6,0,0.4,0.37,0.858585859,5.8,0.141414141
4/26/2017,2017,4,26,2.7625,0,-0.2,0,9.4,0,0.65748393,0,0.34251607
4/26/2018,2018,4,26,-4.09375,0,-8.9,0,1.1,0,0.65748393,0,0.34251607
4/26/2019,2019,4,26,-9.2625,0.01,-11.3,0,-7.1,0.01,0.709825528,1.2,0.290174472
5/26/2017,2017,5,26,2.095833333,0,-2.8,0,8.8,0,0.65748393,0,0.34251607
5/26/2018,2018,5,26,4.904166667,0,1.3,0,10.6,0,0.65748393,0,0.34251607
5/26/2019,2019,5,26,-0.533333333,0,-5,0,4.9,0,0.65748393,0,0.34251607
6/26/2017,2017,6,26,5.329166667,4.76,2,0,9.8,4.11,0.968778696,18.8,0.031221304
6/26/2018,2018,6,26,0.827083333,1.64,-2.9,0,5,0.8,0.928374656,10.9,0.071625344
6/26/2019,2019,6,26,5.016666667,1.96,2.6,0,10,1.04,0.936639118,11.4,0.063360882
7/26/2017,2017,7,26,10.475,0,6.7,0,15.2,0,0.65748393,0,0.34251607
7/26/2018,2018,7,26,7.93125,0,4.7,0,12,0,0.65748393,0,0.34251607
7/26/2019,2019,7,26,9.497916667,0,5.7,0,14,0,0.65748393,0,0.34251607
8/26/2016,2016,8,26,7.05,0,3.4,0,10.9,0,0.65748393,0,0.34251607
8/26/2017,2017,8,26,6.772916667,0,2.8,0,10.9,0,0.65748393,0,0.34251607
8/26/2018,2018,8,26,3.716666667,0,1.3,0,6.8,0,0.65748393,0,0.34251607
9/26/2016,2016,9,26,2.229166667,0.01,0,0,5.8,0.01,0.709825528,1.2,0.290174472
9/26/2017,2017,9,26,-0.114583333,0.01,-2.9,0,2.4,0.01,0.709825528,1.2,0.290174472
9/26/2018,2018,9,26,3.127083333,0,0,0,6.9,0,0.65748393,0,0.34251607
10/26/2016,2016,10,26,-12.90625,0,-16.5,0,-8.9,0,0.65748393,0,0.34251607
10/26/2017,2017,10,26,-4.277083333,0,-5.6,0,-1.6,0,0.65748393,0,0.34251607
10/26/2018,2018,10,26,-1.133333333,0,-3.3,0,1,0,0.65748393,0,0.34251607
11/26/2016,2016,11,26,-16.58541667,0,-22.5,0,-7.7,0,0.65748393,0,0.34251607
11/26/2017,2017,11,26,-8.75,0,-13.8,0,-4.6,0,0.65748393,0,0.34251607
11/26/2018,2018,11,26,-2.591666667,0.02,-8.1,0,-0.4,0.01,0.721763085,1.4,0.278236915
12/26/2016,2016,12,26,-7.735416667,0.02,-10.3,0,-6,0.01,0.721763085,1.4,0.278236915
12/26/2017,2017,12,26,-9.083333333,1.11,-12.4,0,-6.7,0.12,0.902662994,8.3,0.097337006
12/26/2018,2018,12,26,-13.43333333,0,-16.2,0,-11.7,0,0.65748393,0,0.34251607
1/27/2017,2017,1,27,-12.12916667,0.01,-15.2,0,-9.5,0.01,0.709825528,1.2,0.290174472
1/27/2018,2018,1,27,-22.32916667,0,-24.4,0,-19.8,0,0.65748393,0,0.34251607
1/27/2019,2019,1,27,-15.6125,0,-17.2,0,-12.9,0,0.65748393,0,0.34251607
2/27/2017,2017,2,27,-8.2,0,-10.5,0,-4,0,0.65748393,0,0.34251607
2/27/2018,2018,2,27,-6.379166667,0.03,-9.2,0,-2.8,0.01,0.742883379,1.9,0.257116621
2/27/2019,2019,2,27,-14.15833333,0,-15.2,0,-13.2,0,0.65748393,0,0.34251607
3/27/2017,2017,3,27,-4.464583333,0.29,-6.4,0,-2.6,0.09,0.844811754,5.3,0.155188246
3/27/2018,2018,3,27,-4.866666667,0.03,-6.9,0,-2.2,0.02,0.742883379,1.9,0.257116621
3/27/2019,2019,3,27,-1.477083333,3.07,-4.4,0,1.3,0.87,0.954086318,13.5,0.045913682
4/27/2017,2017,4,27,-0.466666667,0,-3.8,0,2.8,0,0.65748393,0,0.34251607
4/27/2018,2018,4,27,-2.145833333,0,-5.5,0,2.5,0,0.65748393,0,0.34251607
4/27/2019,2019,4,27,-8.425,0,-12.5,0,-4.1,0,0.65748393,0,0.34251607
5/27/2017,2017,5,27,3.547916667,0.11,0.5,0,8.1,0.08,0.800734619,3.5,0.199265381
5/27/2018,2018,5,27,4.235416667,0,0.4,0,6.6,0,0.65748393,0,0.34251607
5/27/2019,2019,5,27,1.610416667,0,-3.1,0,8.2,0,0.65748393,0,0.34251607
6/27/2017,2017,6,27,3.29375,6.31,0.5,0,5.4,1.83,0.977961433,22.3,0.022038567
6/27/2018,2018,6,27,3.9625,0,1.6,0,6.3,0,0.65748393,0,0.34251607
6/27/2019,2019,6,27,3.752083333,0.53,1.3,0,8.4,0.19,0.874196511,6.4,0.125803489
7/27/2017,2017,7,27,10.525,0.04,7.7,0,14.4,0.04,0.752066116,2.2,0.247933884
7/27/2018,2018,7,27,6.108333333,6.58,3.1,0,9.7,3.83,0.978879706,22.9,0.021120294
7/27/2019,2019,7,27,9.33125,0,4.3,0,14.1,0,0.65748393,0,0.34251607
8/27/2016,2016,8,27,7.629166667,0,3.8,0,11.5,0,0.65748393,0,0.34251607
8/27/2017,2017,8,27,7.264583333,0,3.7,0,11.3,0,0.65748393,0,0.34251607
8/27/2018,2018,8,27,3.527083333,0,1.1,0,6.9,0,0.65748393,0,0.34251607
9/27/2016,2016,9,27,4.347916667,0,1.6,0,7.3,0,0.65748393,0,0.34251607
9/27/2017,2017,9,27,-1.927083333,3.18,-2.8,0,-0.7,1.45,0.955922865,13.6,0.044077135
9/27/2018,2018,9,27,-1,1.28,-3.3,0,1.6,1.13,0.913682277,9.3,0.086317723
10/27/2016,2016,10,27,-7.077083333,0.01,-10.1,0,-4.6,0.01,0.709825528,1.2,0.290174472
10/27/2017,2017,10,27,-3.416666667,0,-5.5,0,0,0,0.65748393,0,0.34251607
10/27/2018,2018,10,27,2.091666667,0.06,-1.5,0,3.9,0.04,0.769513315,2.5,0.230486685
11/27/2016,2016,11,27,-13.11666667,0,-21.9,0,-6.7,0,0.65748393,0,0.34251607
11/27/2017,2017,11,27,-14.81458333,0,-18.1,0,-12.6,0,0.65748393,0,0.34251607
11/27/2018,2018,11,27,-5.877083333,0.08,-8.2,0,-3,0.02,0.787878788,3,0.212121212
12/27/2016,2016,12,27,-9.635416667,1.13,-12.8,0,-5.7,0.2,0.904499541,8.5,0.095500459
12/27/2017,2017,12,27,-18.67826087,2.65,-23.4,0,-10.1,0.63,0.948576676,12.4,0.051423324
12/27/2018,2018,12,27,-12.93541667,0,-16.5,0,-8.1,0,0.65748393,0,0.34251607
1/28/2017,2017,1,28,-10.29791667,0,-13.2,0,-7.7,0,0.65748393,0,0.34251607
1/28/2018,2018,1,28,-22.52708333,0,-24.2,0,-19.6,0,0.65748393,0,0.34251607
1/28/2019,2019,1,28,-13.57083333,0,-16.5,0,-10.8,0,0.65748393,0,0.34251607
2/28/2017,2017,2,28,-9.047916667,0,-11.5,0,-1.8,0,0.65748393,0,0.34251607
2/28/2018,2018,2,28,-7.410416667,0.01,-8.9,0,-6.2,0.01,0.709825528,1.2,0.290174472
2/28/2019,2019,2,28,-11.51666667,0,-13.9,0,-10.4,0,0.65748393,0,0.34251607
3/28/2017,2017,3,28,-4.666666667,0,-9.7,0,3.5,0,0.65748393,0,0.34251607
3/28/2018,2018,3,28,-6.754166667,0,-7.9,0,-5.1,0,0.65748393,0,0.34251607
3/28/2019,2019,3,28,-2.739583333,0,-4.8,0,0,0,0.65748393,0,0.34251607
4/28/2017,2017,4,28,-9.379166667,0.02,-15,0,-3.4,0.01,0.721763085,1.4,0.278236915
4/28/2018,2018,4,28,0.902083333,0,-3.7,0,9,0,0.65748393,0,0.34251607
4/28/2019,2019,4,28,-6.635416667,0,-10.7,0,-1.5,0,0.65748393,0,0.34251607
5/28/2017,2017,5,28,2.479166667,0.25,-1.2,0,5.9,0.23,0.838383838,5.1,0.161616162
5/28/2018,2018,5,28,-0.210416667,6.19,-5,0,3.5,2.21,0.976124885,21.9,0.023875115
5/28/2019,2019,5,28,3.379166667,0,-1.6,0,7.3,0,0.65748393,0,0.34251607
6/28/2017,2017,6,28,3.591666667,0,0.8,0,6.2,0,0.65748393,0,0.34251607
6/28/2018,2018,6,28,5.033333333,0,2,0,8,0,0.65748393,0,0.34251607
6/28/2019,2019,6,28,4.816666667,0.06,2.7,0,7.7,0.06,0.769513315,2.5,0.230486685
7/28/2017,2017,7,28,11.0875,0,7.6,0,14.9,0,0.65748393,0,0.34251607
7/28/2018,2018,7,28,4.141666667,0.93,-0.7,0,9.4,0.6,0.892561983,7.5,0.107438017
7/28/2019,2019,7,28,10.84791667,0,6.6,0,14.6,0,0.65748393,0,0.34251607
8/28/2016,2016,8,28,7.495833333,0,4.1,0,11,0,0.65748393,0,0.34251607
8/28/2017,2017,8,28,7.50625,0,4.4,0,11.4,0,0.65748393,0,0.34251607
8/28/2018,2018,8,28,3.4625,0,0.4,0,6.4,0,0.65748393,0,0.34251607
9/28/2016,2016,9,28,1.60625,0.08,-1.2,0,3.3,0.05,0.787878788,3,0.212121212
9/28/2017,2017,9,28,-2.097916667,1.08,-4,0,-0.9,0.13,0.899908173,8.1,0.100091827
9/28/2018,2018,9,28,-0.3,0,-4,0,3.7,0,0.65748393,0,0.34251607
10/28/2016,2016,10,28,-4.872916667,0.01,-6.2,0,-3.7,0.01,0.709825528,1.2,0.290174472
10/28/2017,2017,10,28,-3.358333333,0,-6.2,0,-1.5,0,0.65748393,0,0.34251607
10/28/2018,2018,10,28,-2.514583333,1.34,-6.4,0,1.5,0.24,0.917355372,9.7,0.082644628
11/28/2016,2016,11,28,-9.327083333,0,-11.8,0,-7.5,0,0.65748393,0,0.34251607
11/28/2017,2017,11,28,-10.56875,0,-14.9,0,-7.9,0,0.65748393,0,0.34251607
11/28/2018,2018,11,28,-8.239583333,0,-9.7,0,-6.3,0,0.65748393,0,0.34251607
12/28/2016,2016,12,28,-10.35833333,0.01,-14,0,-5.5,0.01,0.709825528,1.2,0.290174472
12/28/2017,2017,12,28,-13.83541667,0,-19.7,0,-9.4,0,0.65748393,0,0.34251607
12/28/2018,2018,12,28,-6.95625,0,-10.1,0,-4.8,0,0.65748393,0,0.34251607
1/29/2017,2017,1,29,-10.86041667,0,-12.9,0,-9.3,0,0.65748393,0,0.34251607
1/29/2018,2018,1,29,-16.12083333,0,-23,0,-11,0,0.65748393,0,0.34251607
1/29/2019,2019,1,29,-10.21458333,0,-13.6,0,-6.9,0,0.65748393,0,0.34251607
3/29/2017,2017,3,29,-4.020833333,0.05,-6,0,-2.7,0.02,0.757575758,2.2,0.242424242
3/29/2018,2018,3,29,-6.141666667,0.01,-7.8,0,-4.4,0.01,0.709825528,1.2,0.290174472
3/29/2019,2019,3,29,-3.191666667,0.06,-6.6,0,-0.3,0.04,0.769513315,2.5,0.230486685
4/29/2017,2017,4,29,-11.85625,0,-15.9,0,-9.6,0,0.65748393,0,0.34251607
4/29/2018,2018,4,29,3.810416667,0,0.3,0,9.3,0,0.65748393,0,0.34251607
4/29/2019,2019,4,29,-4.247916667,0,-7.5,0,-0.6,0,0.65748393,0,0.34251607
5/29/2017,2017,5,29,3.54375,5.08,0.5,0,7.6,4.36,0.970615243,19.5,0.029384757
5/29/2018,2018,5,29,0.641666667,0,-3.7,0,5.3,0,0.65748393,0,0.34251607
5/29/2019,2019,5,29,4.208333333,0,0,0,8.1,0,0.65748393,0,0.34251607
6/29/2017,2017,6,29,5.554166667,0,0.5,0,10.2,0,0.65748393,0,0.34251607
6/29/2018,2018,6,29,6.095833333,0,3.5,0,9.2,0,0.65748393,0,0.34251607
6/29/2019,2019,6,29,5.3875,23.68,2.5,0,9,10.81,0.996326905,36.1,0.003673095
7/29/2017,2017,7,29,11.21875,0.02,8.2,0,14.2,0.02,0.721763085,1.4,0.278236915
7/29/2018,2018,7,29,2.495833333,0.19,-0.4,0,6.6,0.11,0.829201102,4.4,0.170798898
7/29/2019,2019,7,29,11.26458333,0,7.5,0,14.9,0,0.65748393,0,0.34251607
8/29/2016,2016,8,29,7.172916667,0,4.3,0,10.4,0,0.65748393,0,0.34251607
8/29/2017,2017,8,29,7.077083333,0.03,3.3,0,11.2,0.03,0.742883379,1.9,0.257116621
8/29/2018,2018,8,29,2.470833333,0,-1,0,6.7,0,0.65748393,0,0.34251607
9/29/2016,2016,9,29,3.504166667,0,0.1,0,6.2,0,0.65748393,0,0.34251607
9/29/2017,2017,9,29,-3.6875,1.39,-5.7,0,-2,0.26,0.921028466,10.1,0.078971534
9/29/2018,2018,9,29,1.785416667,0,-2.5,0,5.9,0,0.65748393,0,0.34251607
10/29/2016,2016,10,29,-4.4,0.07,-5.7,0,-3.1,0.04,0.776859504,2.6,0.223140496
10/29/2017,2017,10,29,-2.229166667,0,-3.6,0,-1.1,0,0.65748393,0,0.34251607
10/29/2018,2018,10,29,-0.822916667,0,-3.8,0,1.4,0,0.65748393,0,0.34251607
11/29/2016,2016,11,29,-8.654166667,0,-10.2,0,-6.8,0,0.65748393,0,0.34251607
11/29/2017,2017,11,29,-10.21875,0,-12.1,0,-9.3,0,0.65748393,0,0.34251607
11/29/2018,2018,11,29,-6.360416667,0,-7.9,0,-3.4,0,0.65748393,0,0.34251607
12/29/2016,2016,12,29,-8.797916667,0.67,-13,0,-5.3,0.11,0.879706152,6.6,0.120293848
12/29/2017,2017,12,29,-7.920833333,0,-9.9,0,-5.7,0,0.65748393,0,0.34251607
12/29/2018,2018,12,29,-6.947916667,0,-11.1,0,-5.2,0,0.65748393,0,0.34251607
1/30/2017,2017,1,30,-9.539583333,0,-13.5,0,-6.9,0,0.65748393,0,0.34251607
1/30/2018,2018,1,30,-11.25,0,-13,0,-9.3,0,0.65748393,0,0.34251607
1/30/2019,2019,1,30,-7.48125,0,-10.1,0,-5.5,0,0.65748393,0,0.34251607
3/30/2017,2017,3,30,-5.85,0.01,-9.9,0,-3.8,0.01,0.709825528,1.2,0.290174472
3/30/2018,2018,3,30,-1.535416667,0,-8.4,0,3.1,0,0.65748393,0,0.34251607
3/30/2019,2019,3,30,-6.56875,0.01,-9.1,0,-1.4,0.01,0.709825528,1.2,0.290174472
4/30/2017,2017,4,30,-10.71458333,0,-16.7,0,-4.5,0,0.65748393,0,0.34251607
4/30/2018,2018,4,30,2.360416667,0,0,0,4.5,0,0.65748393,0,0.34251607
4/30/2019,2019,4,30,-5.335416667,0,-6.7,0,-1.9,0,0.65748393,0,0.34251607
5/30/2017,2017,5,30,0.954166667,4.02,-1.6,0,3.7,0.82,0.963269054,17.3,0.036730946
5/30/2018,2018,5,30,-0.76875,0.24,-1.8,0,1.8,0.09,0.836547291,5,0.163452709
5/30/2019,2019,5,30,4.5625,0,0.8,0,9.7,0,0.65748393,0,0.34251607
6/30/2017,2017,6,30,6.6125,0,2.5,0,10,0,0.65748393,0,0.34251607
6/30/2018,2018,6,30,7.052083333,0,4.7,0,9.7,0,0.65748393,0,0.34251607
6/30/2019,2019,6,30,6.814583333,15.14,4.3,0,11.5,12.1,0.992653811,31.8,0.007346189
7/30/2017,2017,7,30,11.16458333,0,7.4,0,15.1,0,0.65748393,0,0.34251607
7/30/2018,2018,7,30,5.064583333,0,1,0,10,0,0.65748393,0,0.34251607
7/30/2019,2019,7,30,11.14375,0.04,8.9,0,15.3,0.04,0.752066116,2.2,0.247933884
8/30/2016,2016,8,30,4.377083333,0.26,2.5,0,7.4,0.13,0.840220386,5.2,0.159779614
8/30/2017,2017,8,30,7.977083333,0,4.1,0,13.2,0,0.65748393,0,0.34251607
8/30/2018,2018,8,30,2.010416667,0,-2.6,0,6.1,0,0.65748393,0,0.34251607
9/30/2016,2016,9,30,-1.504166667,1.62,-3.5,0,3.2,0.23,0.926538108,10.8,0.073461892
9/30/2017,2017,9,30,-8.291666667,0.12,-14.7,0,-4.3,0.05,0.807162534,3.7,0.192837466
9/30/2018,2018,9,30,3.202083333,0,0,0,7.5,0,0.65748393,0,0.34251607
10/30/2016,2016,10,30,-4.847916667,0.32,-5.8,0,-4,0.06,0.849403122,5.4,0.150596878
10/30/2017,2017,10,30,-0.266666667,0.03,-2.4,0,1.3,0.02,0.742883379,1.9,0.257116621
10/30/2018,2018,10,30,-3.1,0,-5.4,0,0.8,0,0.65748393,0,0.34251607
11/30/2016,2016,11,30,-9.925,0,-11.7,0,-8.2,0,0.65748393,0,0.34251607
11/30/2017,2017,11,30,-13.71875,0.01,-15.3,0,-11.8,0.01,0.709825528,1.2,0.290174472
11/30/2018,2018,11,30,-9.0875,0.45,-17.3,0,-5.7,0.12,0.865932048,6.1,0.134067952
12/30/2016,2016,12,30,-12.15625,0,-17.1,0,-9.1,0,0.65748393,0,0.34251607
12/30/2017,2017,12,30,-7.316666667,0,-8.7,0,-5.7,0,0.65748393,0,0.34251607
12/30/2018,2018,12,30,-11.22291667,0,-13.7,0,-9.1,0,0.65748393,0,0.34251607
1/31/2017,2017,1,31,-16.04166667,0.01,-16.9,0,-13.6,0.01,0.709825528,1.2,0.290174472
1/31/2018,2018,1,31,-12.7,0,-15.3,0,-11.1,0,0.65748393,0,0.34251607
1/31/2019,2019,1,31,-12.39375,0,-16.6,0,-8.3,0,0.65748393,0,0.34251607
3/31/2017,2017,3,31,-4.475,0,-10.3,0,1.3,0,0.65748393,0,0.34251607
3/31/2018,2018,3,31,3.983333333,0.02,2.8,0,5,0.02,0.721763085,1.4,0.278236915
3/31/2019,2019,3,31,-5.079166667,0.04,-7.4,0,-2.6,0.03,0.752066116,2.2,0.247933884
5/31/2017,2017,5,31,1.94375,0,-2.8,0,11.8,0,0.65748393,0,0.34251607
5/31/2018,2018,5,31,-0.133333333,0,-4,0,3.6,0,0.65748393,0,0.34251607
5/31/2019,2019,5,31,3.504166667,0.74,-0.2,0,7.6,0.34,0.880624426,6.6,0.119375574
7/31/2017,2017,7,31,11.56458333,0,7,0,16.2,0,0.65748393,0,0.34251607
7/31/2018,2018,7,31,6.839583333,0,3.7,0,10.3,0,0.65748393,0,0.34251607
7/31/2019,2019,7,31,11.13541667,0.06,7.3,0,14.9,0.03,0.769513315,2.5,0.230486685
8/31/2016,2016,8,31,5.227083333,0.12,1.7,0,9.5,0.1,0.807162534,3.7,0.192837466
8/31/2017,2017,8,31,8.98125,0,5.9,0,13.2,0,0.65748393,0,0.34251607
8/31/2018,2018,8,31,4.402083333,0,-0.7,0,9.3,0,0.65748393,0,0.34251607
10/31/2016,2016,10,31,-2.360416667,0.35,-5.3,0,-0.8,0.19,0.85399449,5.6,0.14600551
10/31/2017,2017,10,31,1.4375,0.01,-0.8,0,2.9,0.01,0.709825528,1.2,0.290174472
10/31/2018,2018,10,31,-6.335416667,0,-10.9,0,-2.8,0,0.65748393,0,0.34251607
12/31/2016,2016,12,31,-10.52708333,0,-13.5,0,-8.3,0,0.65748393,0,0.34251607
12/31/2017,2017,12,31,-8.08125,0,-10.3,0,-6.5,0,0.65748393,0,0.34251607
12/31/2018,2018,12,31,-11.48333333,0,-13.8,0,-10.1,0,0.65748393,0,0.34251607
