"Date","Yil","Oy","Kun","T_av","P_sum","T_min","P_min","T_max","P_max","percentile_barkrak","barkrak_restored"
2017-01-01,2017,1,1,-11.7479166666667,0,-14.7,0,-9.7,0,0.657483930211203,0
2018-01-01,2018,1,1,-10.4,0,-11.8,0,-9.1,0,0.657483930211203,0
2019-01-01,2019,1,1,-10.01875,0,-11.4,0,-8.4,0,0.657483930211203,0
2017-02-01,2017,2,1,-14.8979166666667,0.32,-17.5,0,-13.5,0.14,0.849403122130395,5.4
2018-02-01,2018,2,1,-13.75625,0,-15.3,0,-12.6,0,0.657483930211203,0
2019-02-01,2019,2,1,-13.3104166666667,0,-16.5,0,-10.2,0,0.657483930211203,0
2017-03-01,2017,3,1,-9.98125,0,-11.6,0,-8.9,0,0.657483930211203,0
2018-03-01,2018,3,1,-6.84166666666667,0.06,-8.8,0,-5.7,0.02,0.76951331496786,2.5
2019-03-01,2019,3,1,-9.65625,0,-11.4,0,-8.6,0,0.657483930211203,0
2017-04-01,2017,4,1,-5.94166666666667,0,-8.1,0,-3.2,0,0.657483930211203,0
2018-04-01,2018,4,1,-0.75625,1.37,-5.5,0,4,0.34,0.918273645546373,9.8
2019-04-01,2019,4,1,-6.46041666666667,1.24,-8.7,0,-4.8,0.42,0.910927456382002,9
2017-05-01,2017,5,1,-5.93541666666667,0,-9.7,0,2,0,0.657483930211203,0
2018-05-01,2018,5,1,-1.22083333333333,0.83,-5,0,0.5,0.22,0.88613406795225,6.9
2019-05-01,2019,5,1,-4.89375,0.07,-7.5,0,-2.6,0.03,0.776859504132231,2.6
2017-06-01,2017,6,1,1.86875,0,-2.2,0,6,0,0.657483930211203,0
2018-06-01,2018,6,1,2.18125,0.47,-2.8,0,5.4,0.14,0.868686868686869,6.2
2019-06-01,2019,6,1,1.68125,2.04,-0.6,0,3.6,1.55,0.939393939393939,11.6
2017-07-01,2017,7,1,5.13958333333333,6.24,1.9,0,9.1,4.43,0.977043158861341,22
2018-07-01,2018,7,1,7.01458333333333,0,3.5,0,10.5,0,0.657483930211203,0
2019-07-01,2019,7,1,8.18125,0,5,0,11.6,0,0.657483930211203,0
2017-08-01,2017,8,1,11.1541666666667,0,6.6,0,15.9,0,0.657483930211203,0
2018-08-01,2018,8,1,6.26458333333333,0,2.8,0,9.7,0,0.657483930211203,0
2019-08-01,2019,8,1,10.6208333333333,0,6.8,0,14.4,0,0.657483930211203,0
2016-09-01,2016,9,1,3.81041666666667,0.86,0.4,0,9.1,0.58,0.887970615243343,7.2
2017-09-01,2017,9,1,8.54375,0,6.5,0,11.6,0,0.657483930211203,0
2018-09-01,2018,9,1,2.95625,0,-1.4,0,6.9,0,0.657483930211203,0
2016-10-01,2016,10,1,-1.48541666666667,0.08,-3.9,0,0,0.01,0.787878787878788,3
2017-10-01,2017,10,1,-5.47083333333333,0,-9.9,0,-1.8,0,0.657483930211203,0
2018-10-01,2018,10,1,1.80208333333333,0,-1.4,0,4.8,0,0.657483930211203,0
2016-11-01,2016,11,1,-1.31041666666667,0.23,-2.3,0,-0.3,0.06,0.833792470156106,4.9
2017-11-01,2017,11,1,2.11458333333333,0,0,0,3.8,0,0.657483930211203,0
2018-11-01,2018,11,1,-11.6145833333333,0,-13.8,0,-10.1,0,0.657483930211203,0
2016-12-01,2016,12,1,-7.71875,0,-12.6,0,-3.7,0,0.657483930211203,0
2017-12-01,2017,12,1,-12.2125,0,-13.6,0,-11.1,0,0.657483930211203,0
2018-12-01,2018,12,1,-14.1333333333333,0,-17.1,0,-11.6,0,0.657483930211203,0
2017-01-02,2017,1,2,-9.16875,0,-10.2,0,-8.1,0,0.657483930211203,0
2018-01-02,2018,1,2,-9.75,0,-12,0,-7,0,0.657483930211203,0
2019-01-02,2019,1,2,-13.9020833333333,0,-15.2,0,-11.1,0,0.657483930211203,0
2017-02-02,2017,2,2,-11.4229166666667,0,-14.2,0,-9.7,0,0.657483930211203,0
2018-02-02,2018,2,2,-13.3979166666667,0,-15.5,0,-10.8,0,0.657483930211203,0
2019-02-02,2019,2,2,-12.3375,0,-13.6,0,-9.6,0,0.657483930211203,0
2017-03-02,2017,3,2,-15.5916666666667,0,-18.6,0,-11.4,0,0.657483930211203,0
2018-03-02,2018,3,2,-9.96458333333333,0,-12.7,0,-7.8,0,0.657483930211203,0
2019-03-02,2019,3,2,-8.14375,0,-10.6,0,-6.3,0,0.657483930211203,0
2017-04-02,2017,4,2,-5.65,0.27,-7.1,0,-4.6,0.14,0.841138659320477,5.2
2018-04-02,2018,4,2,-3.53541666666667,0,-7.2,0,2.9,0,0.657483930211203,0
2019-04-02,2019,4,2,-2.47291666666667,0.02,-10.7,0,2.9,0.01,0.721763085399449,1.4
2017-05-02,2017,5,2,-3.66458333333333,0,-9.1,0,0,0,0.657483930211203,0
2018-05-02,2018,5,2,-1.82916666666667,0,-7,0,8.1,0,0.657483930211203,0
2019-05-02,2019,5,2,-4.72708333333333,0,-7.1,0,-2.9,0,0.657483930211203,0
2017-06-02,2017,6,2,2.82291666666667,0,-1.8,0,7.3,0,0.657483930211203,0
2018-06-02,2018,6,2,4.22083333333333,5.23,2.6,0,6.1,3.06,0.971533516988062,19.9
2019-06-02,2019,6,2,1.24583333333333,0.44,-1.2,0,4.1,0.38,0.864095500459137,6
2017-07-02,2017,7,2,6.39166666666667,0,3,0,10,0,0.657483930211203,0
2018-07-02,2018,7,2,6.82708333333333,0.35,4.6,0,10,0.34,0.853994490358127,5.6
2019-07-02,2019,7,2,9.03333333333333,11.14,4.7,0,13.1,7.47,0.988980716253444,29.8
2017-08-02,2017,8,2,10.1645833333333,0,6.9,0,13.3,0,0.657483930211203,0
2018-08-02,2018,8,2,4.80208333333333,0.08,2.9,0,7.9,0.06,0.787878787878788,3
2019-08-02,2019,8,2,7.54375,1.84,5.5,0,10.3,1.76,0.933884297520661,11.1
2016-09-02,2016,9,2,4.27916666666667,0,2.1,0,8.3,0,0.657483930211203,0
2017-09-02,2017,9,2,7.42083333333333,0.15,5.1,0,11,0.11,0.816345270890725,4.1
2018-09-02,2018,9,2,1.93958333333333,0,-2.4,0,6.5,0,0.657483930211203,0
2016-10-02,2016,10,2,-7.275,0,-9.5,0,-3.1,0,0.657483930211203,0
2017-10-02,2017,10,2,-1.56666666666667,1.44,-2.8,0,0.3,0.27,0.922865013774105,10.4
2018-10-02,2018,10,2,1.66875,0,-1.2,0,5,0,0.657483930211203,0
2016-11-02,2016,11,2,-0.372916666666667,0.07,-1.5,0,1.4,0.03,0.776859504132231,2.6
2017-11-02,2017,11,2,1.46458333333333,0,-0.9,0,3.3,0,0.657483930211203,0
2018-11-02,2018,11,2,-14.1041666666667,0,-15.5,0,-12.4,0,0.657483930211203,0
2016-12-02,2016,12,2,-4.1,0.49,-6.5,0,-2.6,0.36,0.871441689623508,6.3
2017-12-02,2017,12,2,-14.7645833333333,0.08,-19.5,0,-11.9,0.06,0.787878787878788,3
2018-12-02,2018,12,2,-9.35625,0,-12.9,0,-7.3,0,0.657483930211203,0
2017-01-03,2017,1,3,-13.45,0.1,-16.1,0,-9,0.03,0.797061524334252,3.3
2018-01-03,2018,1,3,-6.875,0,-8.8,0,-3.9,0,0.657483930211203,0
2019-01-03,2019,1,3,-13.975,0,-15.6,0,-12.8,0,0.657483930211203,0
2017-02-03,2017,2,3,-12.1375,0.14,-19,0,-9.7,0.03,0.813590449954086,4
2018-02-03,2018,2,3,-18.8416666666667,0,-21.6,0,-16.2,0,0.657483930211203,0
2019-02-03,2019,2,3,-12.1104166666667,0,-13.8,0,-10.6,0,0.657483930211203,0
2017-03-03,2017,3,3,-18.8645833333333,0,-22.2,0,-15.7,0,0.657483930211203,0
2018-03-03,2018,3,3,-11.9333333333333,0,-17,0,-8.1,0,0.657483930211203,0
2019-03-03,2019,3,3,-10.95625,0.01,-12.6,0,-9.3,0.01,0.709825528007346,1.2
2017-04-03,2017,4,3,-8.11041666666667,0.01,-13.8,0,-6.2,0.01,0.709825528007346,1.2
2018-04-03,2018,4,3,-1.47083333333333,0,-4.2,0,1.6,0,0.657483930211203,0
2019-04-03,2019,4,3,0.289583333333333,0.37,-4.4,0,2.8,0.24,0.856749311294766,5.7
2017-05-03,2017,5,3,-0.116666666666667,0,-3.8,0,10.5,0,0.657483930211203,0
2018-05-03,2018,5,3,0.4,0,-2.9,0,9,0,0.657483930211203,0
2019-05-03,2019,5,3,-6.13333333333333,0,-10.5,0,-0.4,0,0.657483930211203,0
2017-06-03,2017,6,3,5.27083333333333,0,1.8,0,8,0,0.657483930211203,0
2018-06-03,2018,6,3,3.64583333333333,23.72,1.6,0,6.3,3.38,0.997245179063361,40
2019-06-03,2019,6,3,1.58333333333333,7.38,-2.1,0,9.2,4,0.980716253443526,23.2
2017-07-03,2017,7,3,8.04166666666667,0,3.5,0,12.7,0,0.657483930211203,0
2018-07-03,2018,7,3,5.19375,0,2,0,8.8,0,0.657483930211203,0
2019-07-03,2019,7,3,5.08541666666667,8.71,0.7,0,8.4,4.57,0.983471074380165,24.1
2017-08-03,2017,8,3,6.875,1.78,3.4,0,10.9,1.5,0.932966023875115,11.1
2018-08-03,2018,8,3,6.0625,0,1.8,0,10.6,0,0.657483930211203,0
2019-08-03,2019,8,3,8.28958333333333,0.81,5.6,0,12,0.53,0.885215794306703,6.9
2016-09-03,2016,9,3,4.66041666666667,0,0.8,0,7.6,0,0.657483930211203,0
2017-09-03,2017,9,3,6.79583333333333,1.91,4.2,0,11.5,1.37,0.935720844811754,11.3
2018-09-03,2018,9,3,3.14166666666667,0,-1.4,0,7.6,0,0.657483930211203,0
2016-10-03,2016,10,3,-2.05625,0,-5.8,0,2.7,0,0.657483930211203,0
2017-10-03,2017,10,3,-1.38958333333333,65.3,-1.9,0.01,-0.8,4.39,1,63.9
2018-10-03,2018,10,3,3.42916666666667,0,-0.2,0,7.7,0,0.657483930211203,0
2016-11-03,2016,11,3,-1.71458333333333,0.43,-8.8,0,0.7,0.08,0.862258953168044,6
2017-11-03,2017,11,3,0.158333333333333,0.14,-2.8,0,2.2,0.03,0.813590449954086,4
2018-11-03,2018,11,3,-13.5,0,-15.1,0,-10.1,0,0.657483930211203,0
2016-12-03,2016,12,3,-2.12083333333333,2.18,-4.1,0,-0.6,1.25,0.943067033976125,11.9
2017-12-03,2017,12,3,-17.7020833333333,0,-19.9,0,-16.8,0,0.657483930211203,0
2018-12-03,2018,12,3,-7.325,0,-9.4,0,-3.5,0,0.657483930211203,0
2017-01-04,2017,1,4,-14.1479166666667,0,-16.2,0,-11.6,0,0.657483930211203,0
2018-01-04,2018,1,4,-10.3125,0,-12.1,0,-7.1,0,0.657483930211203,0
2019-01-04,2019,1,4,-13.2229166666667,0,-16.4,0,-10.4,0,0.657483930211203,0
2017-02-04,2017,2,4,-19.1479166666667,0.07,-21.7,0,-16.1,0.03,0.776859504132231,2.6
2018-02-04,2018,2,4,-19.5708333333333,0,-23,0,-13.3,0,0.657483930211203,0
2019-02-04,2019,2,4,-11.7145833333333,0,-13.6,0,-8.4,0,0.657483930211203,0
2017-03-04,2017,3,4,-16.1833333333333,0,-19.1,0,-13.4,0,0.657483930211203,0
2018-03-04,2018,3,4,-9.73333333333333,0.17,-11.3,0,-8.4,0.04,0.82277318640955,4.3
2019-03-04,2019,3,4,-11.3708333333333,0,-13.1,0,-10.3,0,0.657483930211203,0
2017-04-04,2017,4,4,-9.98958333333333,0,-16,0,-1.2,0,0.657483930211203,0
2018-04-04,2018,4,4,-1.34375,0,-4.3,0,1.1,0,0.657483930211203,0
2019-04-04,2019,4,4,-0.960416666666667,0,-2.9,0,0.9,0,0.657483930211203,0
2017-05-04,2017,5,4,-0.810416666666667,0,-3.7,0,4.3,0,0.657483930211203,0
2018-05-04,2018,5,4,-0.210416666666667,0,-3.5,0,7.7,0,0.657483930211203,0
2019-05-04,2019,5,4,-3.13958333333333,0,-9,0,5.1,0,0.657483930211203,0
2017-06-04,2017,6,4,3.2125,17.79,-0.2,0,6.9,3.15,0.994490358126722,34.4
2018-06-04,2018,6,4,2.78125,0.24,1.4,0,4.6,0.12,0.836547291092746,5
2019-06-04,2019,6,4,2.46458333333333,0.02,0.2,0,9,0.02,0.721763085399449,1.4
2017-07-04,2017,7,4,9.65625,0,5.6,0,14.3,0,0.657483930211203,0
2018-07-04,2018,7,4,5.3375,0,2.1,0,9.5,0,0.657483930211203,0
2019-07-04,2019,7,4,6.17708333333333,0,0.2,0,10.6,0,0.657483930211203,0
2017-08-04,2017,8,4,3.58958333333333,21.31,-0.3,0,5.6,9.25,0.995408631772268,35.1
2018-08-04,2018,8,4,8.28541666666667,0,3.8,0,12.3,0,0.657483930211203,0
2019-08-04,2019,8,4,7.88541666666667,9.23,3.6,0,11.6,2.46,0.984389348025712,24.2
2016-09-04,2016,9,4,4.475,0.04,2.8,0,7.7,0.03,0.752066115702479,2.2
2017-09-04,2017,9,4,5.76458333333333,0.18,3.5,0,7.4,0.06,0.825528007346189,4.3
2018-09-04,2018,9,4,4.95625,0,1,0,9.2,0,0.657483930211203,0
2016-10-04,2016,10,4,0.297916666666667,0,-1.9,0,3.2,0,0.657483930211203,0
2017-10-04,2017,10,4,-3.94583333333333,29.31,-6.7,0,-1.2,4.39,0.999081726354454,59
2018-10-04,2018,10,4,3.54166666666667,0,0.7,0,8.4,0,0.657483930211203,0
2016-11-04,2016,11,4,-14.45,0.19,-16.1,0,-9.9,0.05,0.829201101928375,4.4
2017-11-04,2017,11,4,-4.04375,0.01,-6.6,0,-2.2,0.01,0.709825528007346,1.2
2018-11-04,2018,11,4,-12.3145833333333,0,-14.1,0,-6.5,0,0.657483930211203,0
2016-12-04,2016,12,4,-6.10833333333333,0.88,-8.4,0,-3.9,0.14,0.889807162534435,7.4
2017-12-04,2017,12,4,-18.175,0,-21.2,0,-14.1,0,0.657483930211203,0
2018-12-04,2018,12,4,-7.21041666666667,0,-9,0,-5.7,0,0.657483930211203,0
2017-01-05,2017,1,5,-16.3291666666667,0,-18.9,0,-13.3,0,0.657483930211203,0
2018-01-05,2018,1,5,-12.7229166666667,0,-13.7,0,-10,0,0.657483930211203,0
2019-01-05,2019,1,5,-15.8416666666667,0,-17,0,-14,0,0.657483930211203,0
2017-02-05,2017,2,5,-16.8895833333333,0,-19.2,0,-13.3,0,0.657483930211203,0
2018-02-05,2018,2,5,-13.5333333333333,0,-16.1,0,-11.7,0,0.657483930211203,0
2019-02-05,2019,2,5,-13.35,0,-15.4,0,-10.6,0,0.657483930211203,0
2017-03-05,2017,3,5,-13.4958333333333,0,-17,0,-7.1,0,0.657483930211203,0
2018-03-05,2018,3,5,-8.24583333333333,0,-11.1,0,-4.9,0,0.657483930211203,0
2019-03-05,2019,3,5,-11.9416666666667,0,-13.3,0,-10.8,0,0.657483930211203,0
2017-04-05,2017,4,5,-11.1729166666667,0,-14.4,0,-7.9,0,0.657483930211203,0
2018-04-05,2018,4,5,-0.4,0,-3.8,0,6.3,0,0.657483930211203,0
2019-04-05,2019,4,5,-2.48333333333333,0.01,-4.1,0,-0.4,0.01,0.709825528007346,1.2
2017-05-05,2017,5,5,-1.27291666666667,0,-5.5,0,2,0,0.657483930211203,0
2018-05-05,2018,5,5,-1.53125,0,-4.4,0,4.5,0,0.657483930211203,0
2019-05-05,2019,5,5,-0.127083333333333,0,-5.7,0,7.6,0,0.657483930211203,0
2017-06-05,2017,6,5,3.625,0,-1.4,0,11,0,0.657483930211203,0
2018-06-05,2018,6,5,3.70416666666667,0,1.1,0,6.8,0,0.657483930211203,0
2019-06-05,2019,6,5,1.61875,0.96,-0.9,0,7.3,0.55,0.895316804407714,7.6
2017-07-05,2017,7,5,8.94583333333333,0,5.9,0,11.3,0,0.657483930211203,0
2018-07-05,2018,7,5,6.625,0,2.7,0,11.6,0,0.657483930211203,0
2019-07-05,2019,7,5,7.18958333333333,0,3.6,0,11.4,0,0.657483930211203,0
2017-08-05,2017,8,5,6.0875,0,-0.2,0,11.8,0,0.657483930211203,0
2018-08-05,2018,8,5,9.76458333333333,0,4.8,0,14.7,0,0.657483930211203,0
2019-08-05,2019,8,5,10.325,0,6.2,0,14.8,0,0.657483930211203,0
2016-09-05,2016,9,5,4.85625,0.37,1.6,0,9.4,0.24,0.856749311294766,5.7
2017-09-05,2017,9,5,4.6375,0,0.4,0,9.2,0,0.657483930211203,0
2018-09-05,2018,9,5,5.27916666666667,0,1.7,0,9.4,0,0.657483930211203,0
2016-10-05,2016,10,5,0.735416666666667,0,-1.8,0,4.1,0,0.657483930211203,0
2017-10-05,2017,10,5,-6.6,0,-8.3,0,-4.6,0,0.657483930211203,0
2018-10-05,2018,10,5,3.00416666666667,0,0.3,0,6.9,0,0.657483930211203,0
2016-11-05,2016,11,5,-7.13125,0,-13.6,0,-2.7,0,0.657483930211203,0
2017-11-05,2017,11,5,-3.45,0,-7.6,0,0.4,0,0.657483930211203,0
2018-11-05,2018,11,5,-8.77916666666667,0,-12.9,0,-3.4,0,0.657483930211203,0
2016-12-05,2016,12,5,-6.60416666666667,1.26,-8.7,0,-5.4,0.43,0.912764003673095,9.2
2017-12-05,2017,12,5,-14.9708333333333,0,-18,0,-13.3,0,0.657483930211203,0
2018-12-05,2018,12,5,-7.53333333333333,0,-9.1,0,-5.1,0,0.657483930211203,0
2017-01-06,2017,1,6,-16.9416666666667,0,-18.7,0,-14.5,0,0.657483930211203,0
2018-01-06,2018,1,6,-12.5645833333333,0,-13.5,0,-10.6,0,0.657483930211203,0
2019-01-06,2019,1,6,-14.0458333333333,0,-17.2,0,-11.3,0,0.657483930211203,0
2017-02-06,2017,2,6,-14.2520833333333,0,-18,0,-10.3,0,0.657483930211203,0
2018-02-06,2018,2,6,-19.5229166666667,1.63,-23.9,0,-16.4,0.37,0.927456382001837,10.9
2019-02-06,2019,2,6,-18.1041666666667,0,-21,0,-15,0,0.657483930211203,0
2017-03-06,2017,3,6,-14.8,0.03,-17.2,0,-9,0.02,0.742883379247016,1.9
2018-03-06,2018,3,6,-5.82291666666667,0.12,-8.1,0,-3.7,0.03,0.807162534435262,3.7
2019-03-06,2019,3,6,-11.0708333333333,0,-12.8,0,-9.1,0,0.657483930211203,0
2017-04-06,2017,4,6,-12.9145833333333,0,-18.6,0,-1.7,0,0.657483930211203,0
2018-04-06,2018,4,6,-0.179166666666667,0,-3.7,0,2.7,0,0.657483930211203,0
2019-04-06,2019,4,6,-5.29375,0.06,-8.6,0,-2.1,0.02,0.76951331496786,2.5
2017-05-06,2017,5,6,-0.00416666666666667,4.14,-1.5,0,1.6,0.61,0.964187327823691,17.5
2018-05-06,2018,5,6,-2.70625,0.01,-4.9,0,-0.7,0.01,0.709825528007346,1.2
2019-05-06,2019,5,6,0.579166666666667,0,-3.2,0,7.2,0,0.657483930211203,0
2017-06-06,2017,6,6,0.914583333333333,2.8,-1.8,0,3.4,0.56,0.94949494949495,12.9
2018-06-06,2018,6,6,5.19375,0,1.2,0,9.1,0,0.657483930211203,0
2019-06-06,2019,6,6,0.545833333333333,1.39,-1.3,0,2.6,0.45,0.921028466483012,10.1
2017-07-06,2017,7,6,9.86666666666667,0,5,0,13.8,0,0.657483930211203,0
2018-07-06,2018,7,6,8.63541666666667,0,3.9,0,14,0,0.657483930211203,0
2019-07-06,2019,7,6,5.47083333333333,10.18,1.8,0,10.1,2.9,0.986225895316804,25
2017-08-06,2017,8,6,10.6583333333333,0,5.5,0,16.2,0,0.657483930211203,0
2018-08-06,2018,8,6,10.8708333333333,0,6.5,0,14.5,0,0.657483930211203,0
2019-08-06,2019,8,6,10.9958333333333,0,7.3,0,15.4,0,0.657483930211203,0
2016-09-06,2016,9,6,5.56458333333333,0,3,0,9.2,0,0.657483930211203,0
2017-09-06,2017,9,6,5.09166666666667,0.03,2.6,0,8,0.02,0.742883379247016,1.9
2018-09-06,2018,9,6,4.90208333333333,0,1.6,0,8.9,0,0.657483930211203,0
2016-10-06,2016,10,6,0.825,0,-1.8,0,5.2,0,0.657483930211203,0
2017-10-06,2017,10,6,-5.22916666666667,0,-7.3,0,-1.8,0,0.657483930211203,0
2018-10-06,2018,10,6,0.664583333333333,0.01,-0.6,0,2.5,0.01,0.709825528007346,1.2
2016-11-06,2016,11,6,-6.18333333333333,0,-7.8,0,-4.2,0,0.657483930211203,0
2017-11-06,2017,11,6,-2.66458333333333,0.13,-5.6,0,-1,0.03,0.809917355371901,3.7
2018-11-06,2018,11,6,-3.53333333333333,0.03,-6.5,0,-1.3,0.02,0.742883379247016,1.9
2016-12-06,2016,12,6,-5.87083333333333,2.5,-7.2,0,-4.5,1.17,0.947658402203857,12.3
2017-12-06,2017,12,6,-16.0229166666667,0,-18.9,0,-13.5,0,0.657483930211203,0
2018-12-06,2018,12,6,-8.82083333333333,0,-9.7,0,-7.6,0,0.657483930211203,0
2017-01-07,2017,1,7,-17.7979166666667,0,-18.7,0,-15.6,0,0.657483930211203,0
2018-01-07,2018,1,7,-12.8979166666667,0,-14.5,0,-11.5,0,0.657483930211203,0
2019-01-07,2019,1,7,-9.16458333333333,0,-11.1,0,-6.3,0,0.657483930211203,0
2017-02-07,2017,2,7,-12.64375,0,-15.2,0,-9.9,0,0.657483930211203,0
2018-02-07,2018,2,7,-23.8958333333333,0,-26.5,0,-20.7,0,0.657483930211203,0
2019-02-07,2019,2,7,-18.71875,0,-21.3,0,-15.8,0,0.657483930211203,0
2017-03-07,2017,3,7,-15.7770833333333,0,-17.6,0,-9,0,0.657483930211203,0
2018-03-07,2018,3,7,-7.16041666666667,0.09,-10.4,0,-4.2,0.03,0.791551882460973,3.1
2019-03-07,2019,3,7,-10.94375,0,-13.7,0,-3.9,0,0.657483930211203,0
2017-04-07,2017,4,7,-9.18958333333333,0,-12.9,0,-2.7,0,0.657483930211203,0
2018-04-07,2018,4,7,-2.20416666666667,1.06,-5.2,0,1.2,0.42,0.898989898989899,8
2019-04-07,2019,4,7,-2.0125,0,-6.3,0,4.3,0,0.657483930211203,0
2017-05-07,2017,5,7,-0.654166666666667,0.9,-4.4,0,1.9,0.81,0.891643709825528,7.4
2018-05-07,2018,5,7,-3.46875,0,-8.3,0,4.8,0,0.657483930211203,0
2019-05-07,2019,5,7,1.43541666666667,0,-3.2,0,6.7,0,0.657483930211203,0
2017-06-07,2017,6,7,1.17083333333333,0,-4.6,0,7,0,0.657483930211203,0
2018-06-07,2018,6,7,6.11041666666667,0,3.2,0,10.4,0,0.657483930211203,0
2019-06-07,2019,6,7,2.47708333333333,0.75,0.6,0,4.2,0.36,0.882460973370064,6.8
2017-07-07,2017,7,7,11.1729166666667,0,7.5,0,15.7,0,0.657483930211203,0
2018-07-07,2018,7,7,9.50416666666667,0,6.2,0,13.2,0,0.657483930211203,0
2019-07-07,2019,7,7,7.25,0,3.4,0,11,0,0.657483930211203,0
2017-08-07,2017,8,7,11.8145833333333,0,8.3,0,16.4,0,0.657483930211203,0
2018-08-07,2018,8,7,9.7375,0,6.3,0,13.4,0,0.657483930211203,0
2019-08-07,2019,8,7,12,0,8.5,0,15.8,0,0.657483930211203,0
2016-09-07,2016,9,7,4.72083333333333,0.08,2.3,0,6.9,0.05,0.787878787878788,3
2017-09-07,2017,9,7,5.53958333333333,0,2.5,0,9.4,0,0.657483930211203,0
2018-09-07,2018,9,7,4.66875,0,2.6,0,8.3,0,0.657483930211203,0
2016-10-07,2016,10,7,-0.870833333333333,0,-3.4,0,2.9,0,0.657483930211203,0
2017-10-07,2017,10,7,-5.06875,0,-7,0,1,0,0.657483930211203,0
2018-10-07,2018,10,7,-2.24375,0.05,-4.7,0,0.1,0.03,0.757575757575758,2.2
2016-11-07,2016,11,7,-8.0375,0.01,-9.7,0,-6.3,0.01,0.709825528007346,1.2
2017-11-07,2017,11,7,-5.80833333333333,0,-8.2,0,-4,0,0.657483930211203,0
2018-11-07,2018,11,7,-7.81666666666667,0.17,-12.2,0,-4.9,0.06,0.82277318640955,4.3
2016-12-07,2016,12,7,-5.15208333333333,15.75,-10.9,0,-3,2.03,0.993572084481175,33.3
2017-12-07,2017,12,7,-9.62916666666667,0,-16.1,0,-3.5,0,0.657483930211203,0
2018-12-07,2018,12,7,-6.61458333333333,0,-9.9,0,-4.5,0,0.657483930211203,0
2017-01-08,2017,1,8,-17.24375,0,-18.6,0,-15,0,0.657483930211203,0
2018-01-08,2018,1,8,-12.99375,0,-14.3,0,-11.9,0,0.657483930211203,0
2019-01-08,2019,1,8,-11.0104166666667,0.02,-13.4,0,-9.3,0.01,0.721763085399449,1.4
2017-02-08,2017,2,8,-13.36875,0,-14,0,-12.3,0,0.657483930211203,0
2018-02-08,2018,2,8,-19.65,0,-23.7,0,-15.6,0,0.657483930211203,0
2019-02-08,2019,2,8,-16.83125,0,-23.4,0,-11.1,0,0.657483930211203,0
2017-03-08,2017,3,8,-14.2166666666667,0,-17.6,0,-4.6,0,0.657483930211203,0
2018-03-08,2018,3,8,-6.22083333333333,0,-10.2,0,-2.4,0,0.657483930211203,0
2019-03-08,2019,3,8,-10.7583333333333,0,-12.9,0,-5.9,0,0.657483930211203,0
2017-04-08,2017,4,8,-6.51666666666667,0,-9.9,0,0,0,0.657483930211203,0
2018-04-08,2018,4,8,-6.67708333333333,0,-10.1,0,-2.2,0,0.657483930211203,0
2019-04-08,2019,4,8,-2.03125,0.07,-4,0,-0.4,0.02,0.776859504132231,2.6
2017-05-08,2017,5,8,0.779166666666667,0,-2.4,0,4.5,0,0.657483930211203,0
2018-05-08,2018,5,8,-1.475,0,-5.7,0,3.1,0,0.657483930211203,0
2019-05-08,2019,5,8,2.82916666666667,0,-1.6,0,8.3,0,0.657483930211203,0
2017-06-08,2017,6,8,4.92916666666667,0,0.2,0,9.7,0,0.657483930211203,0
2018-06-08,2018,6,8,2.71041666666667,1.46,0,0,5.9,0.52,0.923783287419651,10.4
2019-06-08,2019,6,8,0.0354166666666667,2.38,-3,0,2.2,0.65,0.945821854912764,12.1
2017-07-08,2017,7,8,12.5604166666667,0,8.7,0,17.3,0,0.657483930211203,0
2018-07-08,2018,7,8,10.81875,0,7.8,0,15.1,0,0.657483930211203,0
2019-07-08,2019,7,8,7.35,0,4.6,0,10,0,0.657483930211203,0
2017-08-08,2017,8,8,12.4375,0,8.7,0,17.4,0,0.657483930211203,0
2018-08-08,2018,8,8,9.425,0,4.2,0,12.8,0,0.657483930211203,0
2019-08-08,2019,8,8,12.4416666666667,0.01,9.2,0,16.6,0.01,0.709825528007346,1.2
2016-09-08,2016,9,8,5.20416666666667,0.1,2.1,0,8.7,0.04,0.797061524334252,3.3
2017-09-08,2017,9,8,6.85625,0,3.5,0,11.2,0,0.657483930211203,0
2018-09-08,2018,9,8,4.77708333333333,0,0.9,0,8.7,0,0.657483930211203,0
2016-10-08,2016,10,8,-1.03958333333333,0,-3.5,0,3.7,0,0.657483930211203,0
2017-10-08,2017,10,8,-2.10208333333333,0,-7.3,0,4.1,0,0.657483930211203,0
2018-10-08,2018,10,8,-1.75625,0,-4.7,0,1.4,0,0.657483930211203,0
2016-11-08,2016,11,8,-6.4625,0,-10.7,0,-3.5,0,0.657483930211203,0
2017-11-08,2017,11,8,-7.52916666666667,0,-9.8,0,-5.6,0,0.657483930211203,0
2018-11-08,2018,11,8,-12.1583333333333,0.03,-15.2,0,-9.5,0.01,0.742883379247016,1.9
2016-12-08,2016,12,8,-10.3208333333333,0.11,-13,0,-8.1,0.04,0.800734618916437,3.5
2017-12-08,2017,12,8,-1.99583333333333,0,-5.1,0,0,0,0.657483930211203,0
2018-12-08,2018,12,8,-7.07708333333333,0.01,-8.4,0,-5.6,0.01,0.709825528007346,1.2
2017-01-09,2017,1,9,-13.28125,0,-17.1,0,-9.9,0,0.657483930211203,0
2018-01-09,2018,1,9,-13.6145833333333,0,-15.5,0,-12.4,0,0.657483930211203,0
2019-01-09,2019,1,9,-14.0395833333333,0.01,-16,0,-11.7,0.01,0.709825528007346,1.2
2017-02-09,2017,2,9,-13.7854166666667,0,-14.3,0,-13.2,0,0.657483930211203,0
2018-02-09,2018,2,9,-15.5958333333333,0,-19.9,0,-9.8,0,0.657483930211203,0
2019-02-09,2019,2,9,-11.4208333333333,0.01,-12.6,0,-9.6,0.01,0.709825528007346,1.2
2017-03-09,2017,3,9,-15.2104166666667,0,-16.9,0,-12.9,0,0.657483930211203,0
2018-03-09,2018,3,9,-5.10416666666667,0.03,-6.7,0,-3.9,0.01,0.742883379247016,1.9
2019-03-09,2019,3,9,-12.575,0,-15.4,0,-10.1,0,0.657483930211203,0
2017-04-09,2017,4,9,-5.1875,0,-8.1,0,3.8,0,0.657483930211203,0
2018-04-09,2018,4,9,-6.61666666666667,0,-8.8,0,-4.2,0,0.657483930211203,0
2019-04-09,2019,4,9,-0.845833333333333,0.15,-2.4,0,0.2,0.06,0.816345270890725,4.1
2017-05-09,2017,5,9,1.78958333333333,0,-2.5,0,4.3,0,0.657483930211203,0
2018-05-09,2018,5,9,-0.141666666666667,0,-4,0,3.2,0,0.657483930211203,0
2019-05-09,2019,5,9,2.77708333333333,0,-1,0,10.7,0,0.657483930211203,0
2017-06-09,2017,6,9,4.37916666666667,0,1.3,0,7.9,0,0.657483930211203,0
2018-06-09,2018,6,9,1.84375,0.59,-1.7,0,6.4,0.55,0.877869605142332,6.6
2019-06-09,2019,6,9,0.45625,0.19,-1.7,0,3,0.08,0.829201101928375,4.4
2017-07-09,2017,7,9,12.0854166666667,0,9,0,16.1,0,0.657483930211203,0
2018-07-09,2018,7,9,11.04375,0,7.6,0,14.9,0,0.657483930211203,0
2019-07-09,2019,7,9,6.34791666666667,3.87,3.2,0,9.3,2.29,0.962350780532599,16.7
2017-08-09,2017,8,9,12.2541666666667,0,8.9,0,15.7,0,0.657483930211203,0
2018-08-09,2018,8,9,9.5,0,6,0,13.8,0,0.657483930211203,0
2019-08-09,2019,8,9,9.86111111111111,0,8.1,0,13.1,0,0.657483930211203,0
2016-09-09,2016,9,9,3.41458333333333,3.8,0,0,5.4,0.97,0.960514233241506,15.6
2017-09-09,2017,9,9,6.29166666666667,0,3.4,0,9.6,0,0.657483930211203,0
2018-09-09,2018,9,9,5.67083333333333,0,2,0,9.1,0,0.657483930211203,0
2016-10-09,2016,10,9,-1.60833333333333,0,-4.4,0,1.7,0,0.657483930211203,0
2017-10-09,2017,10,9,3.04583333333333,0,0.5,0,6.1,0,0.657483930211203,0
2018-10-09,2018,10,9,-2.88958333333333,0,-5.2,0,0.6,0,0.657483930211203,0
2016-11-09,2016,11,9,-3.4125,0,-5.4,0,-0.8,0,0.657483930211203,0
2017-11-09,2017,11,9,-7.8125,0,-10,0,-5.7,0,0.657483930211203,0
2018-11-09,2018,11,9,-9.16666666666667,0,-11.3,0,-6.4,0,0.657483930211203,0
2016-12-09,2016,12,9,-12.5958333333333,0.05,-14.7,0,-10,0.04,0.757575757575758,2.2
2017-12-09,2017,12,9,-9.26458333333333,0.41,-13.2,0,-0.9,0.2,0.861340679522498,5.9
2018-12-09,2018,12,9,-8.27916666666667,0,-10.1,0,-7.5,0,0.657483930211203,0
2017-01-10,2017,1,10,-10.08125,0,-12.2,0,-7.1,0,0.657483930211203,0
2018-01-10,2018,1,10,-11.1875,0,-14.2,0,-9.9,0,0.657483930211203,0
2019-01-10,2019,1,10,-12.6583333333333,0,-14.8,0,-10,0,0.657483930211203,0
2017-02-10,2017,2,10,-12.3833333333333,0.01,-13.5,0,-10.8,0.01,0.709825528007346,1.2
2018-02-10,2018,2,10,-9.49166666666667,0,-12.3,0,-7.5,0,0.657483930211203,0
2019-02-10,2019,2,10,-9.475,0,-13.1,0,-7.8,0,0.657483930211203,0
2017-03-10,2017,3,10,-17.93125,0,-20.1,0,-16.5,0,0.657483930211203,0
2018-03-10,2018,3,10,-3.67916666666667,0.19,-5.5,0,-1.6,0.04,0.829201101928375,4.4
2019-03-10,2019,3,10,-12.7,0,-14.6,0,-6.9,0,0.657483930211203,0
2017-04-10,2017,4,10,-5.20416666666667,0,-9.5,0,-1.9,0,0.657483930211203,0
2018-04-10,2018,4,10,-9.52708333333333,0,-10.5,0,-7.8,0,0.657483930211203,0
2019-04-10,2019,4,10,-1.91875,0.17,-3.3,0,-0.7,0.11,0.82277318640955,4.3
2017-05-10,2017,5,10,1.97708333333333,0.4,-1.5,0,4.9,0.33,0.860422405876951,5.9
2018-05-10,2018,5,10,3.65416666666667,0,0.3,0,7.5,0,0.657483930211203,0
2019-05-10,2019,5,10,2.7875,0,-1.2,0,9.1,0,0.657483930211203,0
2017-06-10,2017,6,10,3.72916666666667,0.02,1.6,0,6.8,0.01,0.721763085399449,1.4
2018-06-10,2018,6,10,3.78333333333333,0.33,1.2,0,6.3,0.31,0.850321395775941,5.4
2019-06-10,2019,6,10,-2.925,0.2,-5,0,-0.9,0.13,0.830119375573921,4.5
2017-07-10,2017,7,10,10.725,0.01,7.9,0,14.4,0.01,0.709825528007346,1.2
2018-07-10,2018,7,10,10.8229166666667,0,7.6,0,14.3,0,0.657483930211203,0
2019-07-10,2019,7,10,8.45625,0,3.6,0,13.4,0,0.657483930211203,0
2017-08-10,2017,8,10,10.1895833333333,0,6.6,0,14.4,0,0.657483930211203,0
2018-08-10,2018,8,10,10.0770833333333,0.01,6.1,0,14.4,0.01,0.709825528007346,1.2
2016-09-10,2016,9,10,7.2,0.01,3.9,0,11.7,0.01,0.709825528007346,1.2
2017-09-10,2017,9,10,5.02708333333333,0,2,0,8.1,0,0.657483930211203,0
2018-09-10,2018,9,10,5.48541666666667,0.05,1.8,0,8.6,0.03,0.757575757575758,2.2
2016-10-10,2016,10,10,-2.56875,0,-5.2,0,1.7,0,0.657483930211203,0
2017-10-10,2017,10,10,3.11666666666667,0,1.3,0,6.2,0,0.657483930211203,0
2018-10-10,2018,10,10,-3.7625,0.03,-8.5,0,2.8,0.02,0.742883379247016,1.9
2016-11-10,2016,11,10,-5.86875,0,-7.8,0,-3.6,0,0.657483930211203,0
2017-11-10,2017,11,10,-8.13958333333333,0.04,-10.6,0,-5.9,0.01,0.752066115702479,2.2
2018-11-10,2018,11,10,-9.66041666666667,0,-11.3,0,-8.3,0,0.657483930211203,0
2016-12-10,2016,12,10,-11.9229166666667,0,-14.8,0,-10.5,0,0.657483930211203,0
2017-12-10,2017,12,10,-14.1270833333333,3.64,-17,0,-12.3,0.92,0.95959595959596,14.8
2018-12-10,2018,12,10,-10.56875,0,-13,0,-8.8,0,0.657483930211203,0
2017-01-11,2017,1,11,-12.6,0,-15.6,0,-8.9,0,0.657483930211203,0
2018-01-11,2018,1,11,-14.08125,0.81,-16.3,0,-10.7,0.11,0.885215794306703,6.9
2019-01-11,2019,1,11,-13.8458333333333,0,-17.4,0,-11.4,0,0.657483930211203,0
2017-02-11,2017,2,11,-13.1791666666667,0,-15.7,0,-11.8,0,0.657483930211203,0
2018-02-11,2018,2,11,-12.6145833333333,0,-14.2,0,-10.1,0,0.657483930211203,0
2019-02-11,2019,2,11,-9.76666666666667,0,-11.3,0,-8,0,0.657483930211203,0
2017-03-11,2017,3,11,-18.8895833333333,0,-20.5,0,-17.7,0,0.657483930211203,0
2018-03-11,2018,3,11,-4.8,1.26,-6.4,0,-2.8,0.49,0.912764003673095,9.2
2019-03-11,2019,3,11,-9.72708333333333,0,-13.7,0,-4.4,0,0.657483930211203,0
2017-04-11,2017,4,11,-4.5125,0.56,-5.8,0,-3.1,0.08,0.876951331496786,6.5
2018-04-11,2018,4,11,-8.5875,0,-14.6,0,1.7,0,0.657483930211203,0
2019-04-11,2019,4,11,-2.82916666666667,0.01,-5.1,0,0.6,0.01,0.709825528007346,1.2
2017-05-11,2017,5,11,2.74583333333333,0.13,-1.3,0,9.5,0.07,0.809917355371901,3.7
2018-05-11,2018,5,11,7.31666666666667,1.18,3.4,0,10.9,0.62,0.90633608815427,8.7
2019-05-11,2019,5,11,2.13125,0,-1.9,0,6.8,0,0.657483930211203,0
2017-06-11,2017,6,11,3.72708333333333,0.09,0,0,8.2,0.04,0.791551882460973,3.1
2018-06-11,2018,6,11,1.15833333333333,0.56,-1.4,0,3.5,0.23,0.876951331496786,6.5
2019-06-11,2019,6,11,-2.26666666666667,0.03,-5.2,0,2.1,0.03,0.742883379247016,1.9
2017-07-11,2017,7,11,9.25625,0,6.1,0,12.8,0,0.657483930211203,0
2018-07-11,2018,7,11,8.43333333333333,1.77,4.8,0,11.9,0.65,0.932047750229568,11.1
2019-07-11,2019,7,11,10.3125,0,5.5,0,15.2,0,0.657483930211203,0
2017-08-11,2017,8,11,4.44791666666667,5.96,1.7,0,6.9,1.96,0.974288337924702,21.3
2018-08-11,2018,8,11,9.81458333333333,0.49,6.7,0,13.6,0.49,0.871441689623508,6.3
2016-09-11,2016,9,11,3.24375,3.81,0.8,0,6.1,0.81,0.961432506887052,16.5
2017-09-11,2017,9,11,3.7125,0,1.8,0,7.9,0,0.657483930211203,0
2018-09-11,2018,9,11,3.7375,0,-0.3,0,8.1,0,0.657483930211203,0
2016-10-11,2016,10,11,-0.99375,0,-4.3,0,2.7,0,0.657483930211203,0
2017-10-11,2017,10,11,2.15833333333333,0,0.6,0,6.6,0,0.657483930211203,0
2018-10-11,2018,10,11,-4.9875,0,-8.2,0,1.1,0,0.657483930211203,0
2016-11-11,2016,11,11,-7.1375,0,-9,0,-4.5,0,0.657483930211203,0
2017-11-11,2017,11,11,-4.44583333333333,0,-6.3,0,-2.1,0,0.657483930211203,0
2018-11-11,2018,11,11,-9.59375,0.01,-11,0,-8.4,0.01,0.709825528007346,1.2
2016-12-11,2016,12,11,-12.7666666666667,0.01,-15.1,0,-9.8,0.01,0.709825528007346,1.2
2017-12-11,2017,12,11,-11.85,0,-13.4,0,-9.9,0,0.657483930211203,0
2018-12-11,2018,12,11,-12.6416666666667,0,-14.7,0,-10.2,0,0.657483930211203,0
2017-01-12,2017,1,12,-15.8729166666667,0,-17.7,0,-14.3,0,0.657483930211203,0
2018-01-12,2018,1,12,-15.8333333333333,0.47,-17.2,0,-12.9,0.08,0.868686868686869,6.2
2019-01-12,2019,1,12,-17.2604166666667,0,-19.1,0,-14.6,0,0.657483930211203,0
2017-02-12,2017,2,12,-13.9416666666667,0,-15.6,0,-12.8,0,0.657483930211203,0
2018-02-12,2018,2,12,-12.3958333333333,0,-14.8,0,-9.3,0,0.657483930211203,0
2019-02-12,2019,2,12,-8.35625,0,-12.8,0,-4.6,0,0.657483930211203,0
2017-03-12,2017,3,12,-19.0770833333333,0,-20.4,0,-17.7,0,0.657483930211203,0
2018-03-12,2018,3,12,-6.65208333333333,0.02,-8.6,0,-3.9,0.01,0.721763085399449,1.4
2019-03-12,2019,3,12,-8.86458333333333,0,-11.2,0,-2.3,0,0.657483930211203,0
2017-04-12,2017,4,12,-4.00833333333333,0.32,-5.2,0,-2.5,0.05,0.849403122130395,5.4
2018-04-12,2018,4,12,-4.84791666666667,0,-8.9,0,5.7,0,0.657483930211203,0
2019-04-12,2019,4,12,-3.67291666666667,0,-6.9,0,-1.4,0,0.657483930211203,0
2017-05-12,2017,5,12,5.475,0,2.3,0,9.3,0,0.657483930211203,0
2018-05-12,2018,5,12,3.41041666666667,6.83,0,0,7.9,2.55,0.97979797979798,23.1
2019-05-12,2019,5,12,0.127083333333333,0,-2.4,0,4.8,0,0.657483930211203,0
2017-06-12,2017,6,12,4.1125,1.74,0,0,9.3,0.78,0.931129476584022,11
2018-06-12,2018,6,12,3.47291666666667,1.98,2.5,0,5.4,1.02,0.937557392102847,11.5
2019-06-12,2019,6,12,0.179166666666667,0.49,-5.4,0,6.4,0.25,0.871441689623508,6.3
2017-07-12,2017,7,12,6.23958333333333,4.38,3.7,0,8.6,1.07,0.966023875114784,18.2
2018-07-12,2018,7,12,7.60833333333333,0,4.9,0,10.9,0,0.657483930211203,0
2019-07-12,2019,7,12,10.1854166666667,0,6.1,0,13.9,0,0.657483930211203,0
2017-08-12,2017,8,12,2.54166666666667,0,-2.1,0,6.5,0,0.657483930211203,0
2018-08-12,2018,8,12,5.89583333333333,10.72,2,0,9.1,2.6,0.987144168962351,25.5
2016-09-12,2016,9,12,2.94166666666667,0.4,0.6,0,6.1,0.4,0.860422405876951,5.9
2017-09-12,2017,9,12,2.71875,0,-0.9,0,6.4,0,0.657483930211203,0
2018-09-12,2018,9,12,2.36458333333333,0,-1.4,0,6.7,0,0.657483930211203,0
2016-10-12,2016,10,12,-1.99583333333333,0.01,-3.3,0,0,0.01,0.709825528007346,1.2
2017-10-12,2017,10,12,0.0770833333333333,0,-2.6,0,2.3,0,0.657483930211203,0
2018-10-12,2018,10,12,-4.6125,0.01,-6.6,0,-2.8,0.01,0.709825528007346,1.2
2016-11-12,2016,11,12,-6.6875,0,-9,0,-3.8,0,0.657483930211203,0
2017-11-12,2017,11,12,-3.28958333333333,0,-4.8,0,-0.7,0,0.657483930211203,0
2018-11-12,2018,11,12,-13.60625,0,-19.2,0,-10.8,0,0.657483930211203,0
2016-12-12,2016,12,12,-10.8854166666667,0,-12.7,0,-9.6,0,0.657483930211203,0
2017-12-12,2017,12,12,-13.7375,0,-14.8,0,-12.4,0,0.657483930211203,0
2018-12-12,2018,12,12,-13.53125,0,-15.2,0,-11.4,0,0.657483930211203,0
2017-01-13,2017,1,13,-18.0416666666667,0.02,-20,0,-15.6,0.02,0.721763085399449,1.4
2018-01-13,2018,1,13,-12.6729166666667,0.08,-14.7,0,-11.9,0.05,0.787878787878788,3
2019-01-13,2019,1,13,-12.85625,0,-16.3,0,-9.1,0,0.657483930211203,0
2017-02-13,2017,2,13,-11.5458333333333,0.02,-13.8,0,-8.9,0.01,0.721763085399449,1.4
2018-02-13,2018,2,13,-11.5958333333333,0,-13.3,0,-9.7,0,0.657483930211203,0
2019-02-13,2019,2,13,-5.32083333333333,0.08,-7.2,0,-3.3,0.04,0.787878787878788,3
2017-03-13,2017,3,13,-18.6020833333333,0,-19.9,0,-16.8,0,0.657483930211203,0
2018-03-13,2018,3,13,-7.9,0,-9.4,0,-6.3,0,0.657483930211203,0
2019-03-13,2019,3,13,-8.40833333333333,0,-11.3,0,0.1,0,0.657483930211203,0
2017-04-13,2017,4,13,-7.64166666666667,2.44,-12.5,0,-2.4,1.11,0.94674012855831,12.3
2018-04-13,2018,4,13,-3.78125,0,-7.7,0,0.2,0,0.657483930211203,0
2019-04-13,2019,4,13,-0.475,0,-4,0,6.9,0,0.657483930211203,0
2017-05-13,2017,5,13,5.70208333333333,0,2.3,0,11.8,0,0.657483930211203,0
2018-05-13,2018,5,13,0.54375,2.31,-1.4,0,1.8,0.7,0.943985307621671,12
2019-05-13,2019,5,13,0.50625,0,-2.8,0,8.5,0,0.657483930211203,0
2017-06-13,2017,6,13,4.7,0.12,2.1,0,7.3,0.12,0.807162534435262,3.7
2018-06-13,2018,6,13,4.58125,0,1.6,0,7.6,0,0.657483930211203,0
2019-06-13,2019,6,13,3.03958333333333,0,-2.1,0,9.9,0,0.657483930211203,0
2017-07-13,2017,7,13,4.3875,13.96,1.7,0,6.4,6.11,0.991735537190083,30.8
2018-07-13,2018,7,13,7.15,0.06,3.4,0,10.7,0.05,0.76951331496786,2.5
2019-07-13,2019,7,13,9.83333333333333,0,6,0,13.3,0,0.657483930211203,0
2017-08-13,2017,8,13,4.63333333333333,0,0.4,0,8.3,0,0.657483930211203,0
2018-08-13,2018,8,13,7.22622950819672,0,2.9,0,12.5,0,0.657483930211203,0
2016-09-13,2016,9,13,-1.85625,0.94,-3.4,0,0.1,0.4,0.893480257116621,7.5
2017-09-13,2017,9,13,3.0375,0,0,0,7.2,0,0.657483930211203,0
2018-09-13,2018,9,13,1.8625,0,-1.1,0,6,0,0.657483930211203,0
2016-10-13,2016,10,13,-3.8375,2.86,-7.7,0,-2.3,0.46,0.950413223140496,13
2017-10-13,2017,10,13,-1.76666666666667,0,-4.3,0,3.6,0,0.657483930211203,0
2018-10-13,2018,10,13,-7.88958333333333,1.18,-11.1,0,-6.1,0.28,0.90633608815427,8.7
2016-11-13,2016,11,13,-5.60833333333333,0.06,-8.3,0,-3.4,0.03,0.76951331496786,2.5
2017-11-13,2017,11,13,-4.47916666666667,0,-5.8,0,-2,0,0.657483930211203,0
2018-11-13,2018,11,13,-14.9125,0,-20.8,0,-10.9,0,0.657483930211203,0
2016-12-13,2016,12,13,-10.175,0,-13.2,0,-5.1,0,0.657483930211203,0
2017-12-13,2017,12,13,-14.1520833333333,0,-15.5,0,-12.7,0,0.657483930211203,0
2018-12-13,2018,12,13,-13.225,0,-14.6,0,-11.3,0,0.657483930211203,0
2017-01-14,2017,1,14,-15.3791666666667,0,-17.3,0,-12.6,0,0.657483930211203,0
2018-01-14,2018,1,14,-12.6416666666667,0.16,-13.6,0,-11.9,0.04,0.818181818181818,4.1
2019-01-14,2019,1,14,-8.32916666666667,0.01,-11.2,0,-6.1,0.01,0.709825528007346,1.2
2017-02-14,2017,2,14,-6.95833333333333,3,-8.9,0,-5.5,0.74,0.952249770431589,13.2
2018-02-14,2018,2,14,-9.80833333333333,0.09,-11.7,0,-8.7,0.03,0.791551882460973,3.1
2019-02-14,2019,2,14,-11.4416666666667,0,-15.3,0,-6.3,0,0.657483930211203,0
2017-03-14,2017,3,14,-16.8791666666667,0,-20,0,-13,0,0.657483930211203,0
2018-03-14,2018,3,14,-10.8375,0.01,-12.7,0,-7.3,0.01,0.709825528007346,1.2
2019-03-14,2019,3,14,-8.87916666666667,0,-11.6,0,-6.7,0,0.657483930211203,0
2017-04-14,2017,4,14,-4.125,0,-9.3,0,4,0,0.657483930211203,0
2018-04-14,2018,4,14,-1.41041666666667,0,-4.9,0,1.4,0,0.657483930211203,0
2019-04-14,2019,4,14,1.05833333333333,0,-2.7,0,7.2,0,0.657483930211203,0
2017-05-14,2017,5,14,5.69166666666667,0,2,0,8.5,0,0.657483930211203,0
2018-05-14,2018,5,14,-0.745833333333333,0,-4.4,0,9.8,0,0.657483930211203,0
2019-05-14,2019,5,14,1.64583333333333,0,-4,0,8.2,0,0.657483930211203,0
2017-06-14,2017,6,14,5.31875,13.38,2.6,0,8.6,3.57,0.990817263544536,30.6
2018-06-14,2018,6,14,3.45208333333333,10.97,0.2,0,5.4,5.2,0.988062442607897,27.3
2019-06-14,2019,6,14,2.91041666666667,0,-0.3,0,7.2,0,0.657483930211203,0
2017-07-14,2017,7,14,3.6375,0,0.3,0,7.2,0,0.657483930211203,0
2018-07-14,2018,7,14,5.80833333333333,6.16,4,0,8.2,0.96,0.975206611570248,21.8
2019-07-14,2019,7,14,10.1479166666667,0,6.7,0,13.8,0,0.657483930211203,0
2017-08-14,2017,8,14,4.8375,0,1.7,0,8,0,0.657483930211203,0
2018-08-14,2018,8,14,9.4875,0.06,5.6,0,13.7,0.05,0.76951331496786,2.5
2016-09-14,2016,9,14,1.7,0,-2.3,0,6.3,0,0.657483930211203,0
2017-09-14,2017,9,14,3.32708333333333,0,-0.5,0,7.5,0,0.657483930211203,0
2018-09-14,2018,9,14,2.16875,0,-2,0,6.3,0,0.657483930211203,0
2016-10-14,2016,10,14,-6.7,0.03,-11.9,0,-3.6,0.02,0.742883379247016,1.9
2017-10-14,2017,10,14,-1.65625,0,-3.8,0,0.5,0,0.657483930211203,0
2018-10-14,2018,10,14,-10.1375,0.06,-11.7,0,-9,0.02,0.76951331496786,2.5
2016-11-14,2016,11,14,-9.15833333333333,0,-11.5,0,-7.7,0,0.657483930211203,0
2017-11-14,2017,11,14,-6.24166666666667,0,-7.6,0,-3.6,0,0.657483930211203,0
2018-11-14,2018,11,14,-14.6125,0,-15.7,0,-12.1,0,0.657483930211203,0
2016-12-14,2016,12,14,-4.73958333333333,0.03,-7.3,0,-3.4,0.03,0.742883379247016,1.9
2017-12-14,2017,12,14,-14.8666666666667,0,-16.6,0,-11.6,0,0.657483930211203,0
2018-12-14,2018,12,14,-9.15208333333333,0,-11.9,0,-6.5,0,0.657483930211203,0
2017-01-15,2017,1,15,-14.25,0,-15.9,0,-12.5,0,0.657483930211203,0
2018-01-15,2018,1,15,-12.8833333333333,1.23,-13.4,0,-12.3,0.21,0.908172635445363,8.9
2019-01-15,2019,1,15,-8.85208333333333,0.18,-12.5,0,-6.6,0.04,0.825528007346189,4.3
2017-02-15,2017,2,15,-10.2020833333333,0.17,-11.4,0,-8.2,0.06,0.82277318640955,4.3
2018-02-15,2018,2,15,-10.9166666666667,0,-17.2,0,-7.9,0,0.657483930211203,0
2019-02-15,2019,2,15,-15.0166666666667,0,-17.9,0,-13.2,0,0.657483930211203,0
2017-03-15,2017,3,15,-9.44166666666667,0,-13,0,-2.5,0,0.657483930211203,0
2018-03-15,2018,3,15,-13.89375,0.09,-16.5,0,-12.5,0.03,0.791551882460973,3.1
2019-03-15,2019,3,15,-7.92083333333333,0,-11.6,0,-5.4,0,0.657483930211203,0
2017-04-15,2017,4,15,3.175,0,-2.6,0,6.4,0,0.657483930211203,0
2018-04-15,2018,4,15,-1.32291666666667,0,-2.3,0,-0.7,0,0.657483930211203,0
2019-04-15,2019,4,15,0.720833333333333,0.45,-1.3,0,2.8,0.13,0.86593204775023,6.1
2017-05-15,2017,5,15,4.94791666666667,1.19,2.5,0,8.7,0.84,0.907254361799816,8.7
2018-05-15,2018,5,15,-0.510416666666667,0.01,-3.9,0,6.6,0.01,0.709825528007346,1.2
2019-05-15,2019,5,15,1.20416666666667,0,-2.9,0,6,0,0.657483930211203,0
2017-06-15,2017,6,15,5.62916666666667,1,3.4,0,7.7,0.69,0.897153351698806,7.9
2018-06-15,2018,6,15,0.697916666666667,0.96,-1.9,0,4.9,0.32,0.895316804407714,7.6
2019-06-15,2019,6,15,0.954166666666667,1.13,-0.6,0,2.5,0.42,0.904499540863177,8.5
2017-07-15,2017,7,15,4.27083333333333,0,-1.6,0,8.8,0,0.657483930211203,0
2018-07-15,2018,7,15,7.86875,0,4.6,0,12.7,0,0.657483930211203,0
2019-07-15,2019,7,15,10.7708333333333,0,6.3,0,14.7,0,0.657483930211203,0
2017-08-15,2017,8,15,4.02708333333333,0,2,0,7.1,0,0.657483930211203,0
2018-08-15,2018,8,15,10.4625,0,6.3,0,14.9,0,0.657483930211203,0
2016-09-15,2016,9,15,4.93541666666667,0,1.7,0,8.5,0,0.657483930211203,0
2017-09-15,2017,9,15,4.76875,0,0.4,0,10.8,0,0.657483930211203,0
2018-09-15,2018,9,15,1.93125,0.01,-0.7,0,4.8,0.01,0.709825528007346,1.2
2016-10-15,2016,10,15,-0.96875,0,-4.3,0,1.1,0,0.657483930211203,0
2017-10-15,2017,10,15,-2.12708333333333,0,-3.7,0,-0.6,0,0.657483930211203,0
2018-10-15,2018,10,15,-8.69166666666667,1.24,-10,0,-7.8,0.13,0.910927456382002,9
2016-11-15,2016,11,15,-8.15833333333333,0.03,-10.3,0,-6.6,0.01,0.742883379247016,1.9
2017-11-15,2017,11,15,-9.04166666666667,0,-10.9,0,-7.1,0,0.657483930211203,0
2018-11-15,2018,11,15,-14.1541666666667,0,-15.9,0,-11.5,0,0.657483930211203,0
2016-12-15,2016,12,15,-6.51041666666667,0,-8.1,0,-5.1,0,0.657483930211203,0
2017-12-15,2017,12,15,-13.6958333333333,0,-15.1,0,-11.2,0,0.657483930211203,0
2018-12-15,2018,12,15,-8.8,0,-11.7,0,-7.5,0,0.657483930211203,0
2017-01-16,2017,1,16,-12.4979166666667,0,-14.8,0,-10,0,0.657483930211203,0
2018-01-16,2018,1,16,-12.475,0,-13.4,0,-11.7,0,0.657483930211203,0
2019-01-16,2019,1,16,-13.2208333333333,0,-15.5,0,-11.7,0,0.657483930211203,0
2017-02-16,2017,2,16,-8.14583333333333,0.46,-11.3,0,-5.7,0.14,0.866850321395776,6.2
2018-02-16,2018,2,16,-15.8708333333333,0,-17.5,0,-12.7,0,0.657483930211203,0
2019-02-16,2019,2,16,-10.56875,0,-17.3,0,-5.8,0,0.657483930211203,0
2017-03-16,2017,3,16,-10.4333333333333,0,-14.4,0,-6.8,0,0.657483930211203,0
2018-03-16,2018,3,16,-15.6854166666667,0.03,-19.1,0,-12.3,0.01,0.742883379247016,1.9
2019-03-16,2019,3,16,-4.02083333333333,0,-7,0,2.5,0,0.657483930211203,0
2017-04-16,2017,4,16,2.74375,0.84,1,0,4.7,0.25,0.887052341597796,7.1
2018-04-16,2018,4,16,-2.96041666666667,0.14,-4.7,0,-0.4,0.07,0.813590449954086,4
2019-04-16,2019,4,16,-2.48125,0.34,-4.9,0,0,0.27,0.852157943067034,5.5
2017-05-16,2017,5,16,3.60833333333333,0.26,0.9,0,8.7,0.16,0.840220385674931,5.2
2018-05-16,2018,5,16,-0.441666666666667,0.05,-2.7,0,10,0.03,0.757575757575758,2.2
2019-05-16,2019,5,16,0.84375,0,-3,0,6.9,0,0.657483930211203,0
2017-06-16,2017,6,16,7.56041666666667,0,4.2,0,11,0,0.657483930211203,0
2018-06-16,2018,6,16,2.55416666666667,0,-2,0,8,0,0.657483930211203,0
2019-06-16,2019,6,16,3.05208333333333,0.12,1.4,0,5.3,0.07,0.807162534435262,3.7
2017-07-16,2017,7,16,6.40625,0,2.8,0,9.7,0,0.657483930211203,0
2018-07-16,2018,7,16,9.50208333333333,0,5.9,0,13.6,0,0.657483930211203,0
2019-07-16,2019,7,16,11.15625,0,6.4,0,15.3,0,0.657483930211203,0
2016-08-16,2016,8,16,1.68333333333333,1.38,0,0,3.2,0.57,0.919191919191919,10
2017-08-16,2017,8,16,3.48541666666667,0,-0.2,0,7,0,0.657483930211203,0
2018-08-16,2018,8,16,9.86458333333333,0,6.3,0,14.1,0,0.657483930211203,0
2016-09-16,2016,9,16,4.48958333333333,0,1.3,0,6.9,0,0.657483930211203,0
2017-09-16,2017,9,16,5.925,0,2.9,0,10.4,0,0.657483930211203,0
2018-09-16,2018,9,16,3.41875,0,-1.1,0,8,0,0.657483930211203,0
2016-10-16,2016,10,16,-0.827083333333333,0.51,-2.8,0,0.8,0.09,0.873278236914601,6.3
2017-10-16,2017,10,16,-3.04791666666667,0.08,-4.3,0,-1.3,0.02,0.787878787878788,3
2018-10-16,2018,10,16,-14.1333333333333,0.18,-17.3,0,-9.9,0.04,0.825528007346189,4.3
2016-11-16,2016,11,16,-7.32291666666667,1.31,-7.8,0,-6.9,0.18,0.915518824609734,9.5
2017-11-16,2017,11,16,-10.9791666666667,0,-13.1,0,-8.2,0,0.657483930211203,0
2018-11-16,2018,11,16,-11.7229166666667,0,-15,0,-9.2,0,0.657483930211203,0
2016-12-16,2016,12,16,-7.37083333333333,0.1,-10.7,0,-5.8,0.04,0.797061524334252,3.3
2017-12-16,2017,12,16,-14.51875,0,-16.2,0,-12.9,0,0.657483930211203,0
2018-12-16,2018,12,16,-12.1270833333333,0.31,-15,0,-10.3,0.08,0.846648301193756,5.3
2017-01-17,2017,1,17,-13.3583333333333,0,-14.6,0,-11.2,0,0.657483930211203,0
2018-01-17,2018,1,17,-13.7270833333333,0,-16.5,0,-13,0,0.657483930211203,0
2019-01-17,2019,1,17,-11.5375,0,-14.3,0,-7.9,0,0.657483930211203,0
2017-02-17,2017,2,17,-6.06875,0.22,-7.2,0,-5,0.13,0.83287419651056,4.9
2018-02-17,2018,2,17,-17.30625,0,-20.1,0,-15.5,0,0.657483930211203,0
2019-02-17,2019,2,17,-10.54375,0.06,-14.4,0,-7.7,0.03,0.76951331496786,2.5
2017-03-17,2017,3,17,-11.5395833333333,0,-14.2,0,-8,0,0.657483930211203,0
2018-03-17,2018,3,17,-9.8375,0,-14.8,0,-3.7,0,0.657483930211203,0
2019-03-17,2019,3,17,-4.25416666666667,0,-6.5,0,-2.2,0,0.657483930211203,0
2017-04-17,2017,4,17,0.270833333333333,2.1,-1.3,0,2.6,0.31,0.941230486685032,11.7
2018-04-17,2018,4,17,-2.35208333333333,0,-4.5,0,-0.9,0,0.657483930211203,0
2019-04-17,2019,4,17,-3.28541666666667,0,-5.8,0,1.8,0,0.657483930211203,0
2017-05-17,2017,5,17,2.57916666666667,0.15,0,0,5.2,0.08,0.816345270890725,4.1
2018-05-17,2018,5,17,-1.60416666666667,0.03,-5.5,0,6.6,0.03,0.742883379247016,1.9
2019-05-17,2019,5,17,0.920833333333333,0.88,-1.7,0,8.4,0.48,0.889807162534435,7.4
2017-06-17,2017,6,17,7.42083333333333,0,4.1,0,10.8,0,0.657483930211203,0
2018-06-17,2018,6,17,4.55416666666667,0,1.3,0,9,0,0.657483930211203,0
2019-06-17,2019,6,17,3.68958333333333,0,1.1,0,6.8,0,0.657483930211203,0
2017-07-17,2017,7,17,5.24791666666667,0,2,0,8.8,0,0.657483930211203,0
2018-07-17,2018,7,17,9.43541666666667,0,5,0,13.2,0,0.657483930211203,0
2019-07-17,2019,7,17,9.92291666666667,3.19,7.1,0,14,1.43,0.956841138659321,14
2016-08-17,2016,8,17,2.3,1.5,0.5,0,5.3,0.98,0.924701561065197,10.7
2017-08-17,2017,8,17,1.00731707317073,0.13,-2,0,4.7,0.09,0.809917355371901,3.7
2018-08-17,2018,8,17,8.96875,0.44,6.1,0,13.8,0.39,0.864095500459137,6
2016-09-17,2016,9,17,4.10833333333333,2.14,1.1,0,6.2,0.75,0.942148760330578,11.9
2017-09-17,2017,9,17,5.22083333333333,0.1,2.9,0,8.4,0.04,0.797061524334252,3.3
2018-09-17,2018,9,17,4.39375,0,0.5,0,8.5,0,0.657483930211203,0
2016-10-17,2016,10,17,-3.6,8.04,-4.8,0,-1.7,1.25,0.981634527089073,24
2017-10-17,2017,10,17,-2.06875,0,-4.6,0,0.6,0,0.657483930211203,0
2018-10-17,2018,10,17,-16.7645833333333,0,-20.9,0,-12.8,0,0.657483930211203,0
2016-11-17,2016,11,17,-8.77708333333333,0,-9.6,0,-7,0,0.657483930211203,0
2017-11-17,2017,11,17,-7.32291666666667,0,-9.7,0,-4.2,0,0.657483930211203,0
2018-11-17,2018,11,17,-10.2791666666667,0,-12.3,0,-7.1,0,0.657483930211203,0
2016-12-17,2016,12,17,-12.7020833333333,0.22,-14.3,0,-11.1,0.09,0.83287419651056,4.9
2017-12-17,2017,12,17,-14.3395833333333,0,-16.5,0,-12,0,0.657483930211203,0
2018-12-17,2018,12,17,-11.2479166666667,0.8,-13.1,0,-10.4,0.22,0.883379247015611,6.8
2017-01-18,2017,1,18,-14.0270833333333,0,-15.9,0,-12.4,0,0.657483930211203,0
2018-01-18,2018,1,18,-13.3958333333333,0,-14.8,0,-11.6,0,0.657483930211203,0
2019-01-18,2019,1,18,-5.90833333333333,0,-9.3,0,-3.1,0,0.657483930211203,0
2017-02-18,2017,2,18,-7.29166666666667,0.07,-13.6,0,-4.6,0.02,0.776859504132231,2.6
2018-02-18,2018,2,18,-16.9208333333333,0,-20.6,0,-12,0,0.657483930211203,0
2019-02-18,2019,2,18,-14.9708333333333,0,-17.1,0,-13.6,0,0.657483930211203,0
2017-03-18,2017,3,18,-10.8020833333333,0,-14.2,0,-6.9,0,0.657483930211203,0
2018-03-18,2018,3,18,-3.59791666666667,0,-7.5,0,-0.2,0,0.657483930211203,0
2019-03-18,2019,3,18,-4.14791666666667,0,-8,0,-0.9,0,0.657483930211203,0
2017-04-18,2017,4,18,-1.51666666666667,0.5,-3.4,0,0.7,0.23,0.872359963269054,6.3
2018-04-18,2018,4,18,-8.04791666666667,0.01,-11,0,-4.3,0.01,0.709825528007346,1.2
2019-04-18,2019,4,18,-0.647916666666667,0,-5.4,0,0.9,0,0.657483930211203,0
2017-05-18,2017,5,18,-0.414583333333333,4.54,-2.6,0,2.9,1.81,0.966942148760331,18.4
2018-05-18,2018,5,18,-1.31041666666667,0,-4.3,0,3.6,0,0.657483930211203,0
2019-05-18,2019,5,18,-0.814583333333333,1.52,-3.6,0,2,0.82,0.925619834710744,10.7
2017-06-18,2017,6,18,7.00625,0.08,3.8,0,12.4,0.08,0.787878787878788,3
2018-06-18,2018,6,18,4.95833333333333,0,0.1,0,9.2,0,0.657483930211203,0
2019-06-18,2019,6,18,3.3375,0,-0.2,0,7,0,0.657483930211203,0
2017-07-18,2017,7,18,6.26875,0,1.3,0,10.3,0,0.657483930211203,0
2018-07-18,2018,7,18,9.975,0,5.1,0,16,0,0.657483930211203,0
2019-07-18,2019,7,18,10.25,0,6.8,0,14.3,0,0.657483930211203,0
2016-08-18,2016,8,18,2.08695652173913,0.9,-0.9,0,6.3,0.36,0.891643709825528,7.4
2017-08-18,2017,8,18,3.24583333333333,0,-2.1,0,10.2,0,0.657483930211203,0
2018-08-18,2018,8,18,8.65625,0,5.7,0,12.2,0,0.657483930211203,0
2016-09-18,2016,9,18,6.2875,0,4.5,0,8.7,0,0.657483930211203,0
2017-09-18,2017,9,18,2.475,0,-0.5,0,5.9,0,0.657483930211203,0
2018-09-18,2018,9,18,5.375,0,1.3,0,9.1,0,0.657483930211203,0
2016-10-18,2016,10,18,-6.3375,5.91,-12.7,0,-3.2,1.17,0.972451790633609,20.5
2017-10-18,2017,10,18,-5.53125,0.66,-10.7,0,0.9,0.08,0.878787878787879,6.6
2018-10-18,2018,10,18,-8.95625,0,-14.7,0,-5.7,0,0.657483930211203,0
2016-11-18,2016,11,18,-6.73125,0,-8.5,0,-5.4,0,0.657483930211203,0
2017-11-18,2017,11,18,-7.87708333333333,0,-11.2,0,-6,0,0.657483930211203,0
2018-11-18,2018,11,18,-11.49375,0,-13.4,0,-9.2,0,0.657483930211203,0
2016-12-18,2016,12,18,-15.0583333333333,0.25,-17.5,0,-13.4,0.08,0.838383838383838,5.1
2017-12-18,2017,12,18,-10.9145833333333,0,-12.1,0,-10.1,0,0.657483930211203,0
2018-12-18,2018,12,18,-11.6645833333333,1.99,-12.5,0,-10.6,0.41,0.938475665748393,11.5
2017-01-19,2017,1,19,-15.39375,0,-17.2,0,-13.8,0,0.657483930211203,0
2018-01-19,2018,1,19,-12.4958333333333,0,-14.2,0,-11,0,0.657483930211203,0
2019-01-19,2019,1,19,-7.37708333333333,0,-9.2,0,-5.7,0,0.657483930211203,0
2017-02-19,2017,2,19,-18.6083333333333,0,-22.3,0,-13.8,0,0.657483930211203,0
2018-02-19,2018,2,19,-11.84375,0,-18.5,0,-5.2,0,0.657483930211203,0
2019-02-19,2019,2,19,-13.1020833333333,0,-15.6,0,-11.6,0,0.657483930211203,0
2017-03-19,2017,3,19,-10.9854166666667,0,-12.2,0,-10.1,0,0.657483930211203,0
2018-03-19,2018,3,19,-2.55208333333333,0,-4.3,0,-1.8,0,0.657483930211203,0
2019-03-19,2019,3,19,-4.50416666666667,0,-7.5,0,0.3,0,0.657483930211203,0
2017-04-19,2017,4,19,-1.96875,0,-5.8,0,0.8,0,0.657483930211203,0
2018-04-19,2018,4,19,-10.7770833333333,0.04,-14.8,0,-2.8,0.04,0.752066115702479,2.2
2019-04-19,2019,4,19,-0.7875,0.55,-1.9,0,0.2,0.11,0.875114784205693,6.4
2017-05-19,2017,5,19,-0.3125,0.04,-4.9,0,4.7,0.03,0.752066115702479,2.2
2018-05-19,2018,5,19,-0.675,0,-3.7,0,4.8,0,0.657483930211203,0
2019-05-19,2019,5,19,-0.74375,3.36,-3,0,3.8,2.45,0.957759412304867,14.3
2017-06-19,2017,6,19,6.30625,9.58,2.5,0,10.6,4.1,0.985307621671258,24.6
2018-06-19,2018,6,19,5.42708333333333,0,2.5,0,8.1,0,0.657483930211203,0
2019-06-19,2019,6,19,3.12083333333333,0.14,-0.7,0,6.4,0.14,0.813590449954086,4
2017-07-19,2017,7,19,6.64166666666667,0,2.7,0,10.4,0,0.657483930211203,0
2018-07-19,2018,7,19,11.7,0,7.8,0,15.9,0,0.657483930211203,0
2019-07-19,2019,7,19,11.0229166666667,0,7.2,0,16,0,0.657483930211203,0
2016-08-19,2016,8,19,4.88333333333333,0.11,1.7,0,8.9,0.09,0.800734618916437,3.5
2017-08-19,2017,8,19,6.08125,0,2.4,0,10.9,0,0.657483930211203,0
2018-08-19,2018,8,19,8.32916666666667,0,6.2,0,10.9,0,0.657483930211203,0
2016-09-19,2016,9,19,6.20625,0.08,4.5,0,8.2,0.05,0.787878787878788,3
2017-09-19,2017,9,19,2.8875,0,0.4,0,6.6,0,0.657483930211203,0
2018-09-19,2018,9,19,4.43541666666667,0,2.9,0,7.2,0,0.657483930211203,0
2016-10-19,2016,10,19,-11.0208333333333,0.01,-14.6,0,-8.6,0.01,0.709825528007346,1.2
2017-10-19,2017,10,19,-9.94375,0.28,-11.3,0,-7.5,0.07,0.843893480257117,5.3
2018-10-19,2018,10,19,-10.25625,0,-11.9,0,-8.9,0,0.657483930211203,0
2016-11-19,2016,11,19,-6.7375,0.16,-11.5,0,-5.4,0.04,0.818181818181818,4.1
2017-11-19,2017,11,19,-11.8916666666667,0.01,-15.7,0,-8.4,0.01,0.709825528007346,1.2
2018-11-19,2018,11,19,-8.4625,0,-11,0,-6.2,0,0.657483930211203,0
2016-12-19,2016,12,19,-18.2916666666667,0,-19.7,0,-17.2,0,0.657483930211203,0
2017-12-19,2017,12,19,-9.59791666666667,0.01,-10.8,0,-8.5,0.01,0.709825528007346,1.2
2018-12-19,2018,12,19,-11.4729166666667,0,-14.3,0,-9.8,0,0.657483930211203,0
2017-01-20,2017,1,20,-13.1479166666667,0.01,-14.9,0,-12,0.01,0.709825528007346,1.2
2018-01-20,2018,1,20,-8.54375,0,-11.1,0,-5.5,0,0.657483930211203,0
2019-01-20,2019,1,20,-9.36666666666667,0,-15.3,0,-5.6,0,0.657483930211203,0
2017-02-20,2017,2,20,-16.9729166666667,0,-23.1,0,-12.1,0,0.657483930211203,0
2018-02-20,2018,2,20,-4.4375,0,-8,0,-0.2,0,0.657483930211203,0
2019-02-20,2019,2,20,-14.0083333333333,0.22,-19.3,0,-11.8,0.05,0.83287419651056,4.9
2017-03-20,2017,3,20,-6.46041666666667,0,-9.8,0,-2.7,0,0.657483930211203,0
2018-03-20,2018,3,20,-2.60208333333333,0,-5.4,0,3.7,0,0.657483930211203,0
2019-03-20,2019,3,20,-6.24791666666667,0,-8.3,0,1.7,0,0.657483930211203,0
2017-04-20,2017,4,20,-0.547916666666667,0.03,-4,0,3,0.02,0.742883379247016,1.9
2018-04-20,2018,4,20,-8.8625,0.03,-13.1,0,-0.9,0.03,0.742883379247016,1.9
2019-04-20,2019,4,20,-1.36041666666667,1.24,-2.9,0,0.2,0.25,0.910927456382002,9
2017-05-20,2017,5,20,2.06875,0,-2.5,0,11.3,0,0.657483930211203,0
2018-05-20,2018,5,20,0.764583333333333,0,-2.8,0,9,0,0.657483930211203,0
2019-05-20,2019,5,20,1.75208333333333,0,-3.5,0,5.2,0,0.657483930211203,0
2017-06-20,2017,6,20,6.36041666666667,1.65,2.2,0,9.7,0.93,0.929292929292929,10.9
2018-06-20,2018,6,20,2.10416666666667,4.64,0,0,4,1.65,0.967860422405877,18.6
2019-06-20,2019,6,20,4.24166666666667,0,0.2,0,8.3,0,0.657483930211203,0
2017-07-20,2017,7,20,7.31666666666667,0,2.4,0,11.3,0,0.657483930211203,0
2018-07-20,2018,7,20,11.7541666666667,0,8.1,0,15.4,0,0.657483930211203,0
2019-07-20,2019,7,20,10.8854166666667,0,7.7,0,15.7,0,0.657483930211203,0
2016-08-20,2016,8,20,5.75208333333333,0.01,1.4,0,9.6,0.01,0.709825528007346,1.2
2017-08-20,2017,8,20,5.10208333333333,0.01,1.1,0,7.7,0.01,0.709825528007346,1.2
2018-08-20,2018,8,20,7.69791666666667,11.79,2.8,0,12.4,3.45,0.98989898989899,30.2
2016-09-20,2016,9,20,6.91458333333333,0,3.8,0,10.7,0,0.657483930211203,0
2017-09-20,2017,9,20,5.1875,0,1.8,0,9.7,0,0.657483930211203,0
2018-09-20,2018,9,20,0.529166666666667,2.9,-1.3,0,3.2,1.21,0.951331496786042,13.1
2016-10-20,2016,10,20,-10.25625,0,-12,0,-7.2,0,0.657483930211203,0
2017-10-20,2017,10,20,-4.1125,0,-10.8,0,1.4,0,0.657483930211203,0
2018-10-20,2018,10,20,-7.15833333333333,0,-11.2,0,-2.6,0,0.657483930211203,0
2016-11-20,2016,11,20,-14.9083333333333,0.04,-16.8,0,-11.8,0.03,0.752066115702479,2.2
2017-11-20,2017,11,20,-8.92708333333333,0,-11,0,-6.6,0,0.657483930211203,0
2018-11-20,2018,11,20,-9.84166666666667,0.04,-12.3,0,-7,0.02,0.752066115702479,2.2
2016-12-20,2016,12,20,-13.4354166666667,0,-18.4,0,-11,0,0.657483930211203,0
2017-12-20,2017,12,20,-9.49166666666667,0.04,-10.3,0,-8.8,0.01,0.752066115702479,2.2
2018-12-20,2018,12,20,-16.9604166666667,0,-20.7,0,-14.6,0,0.657483930211203,0
2017-01-21,2017,1,21,-12.11875,0,-12.9,0,-11.3,0,0.657483930211203,0
2018-01-21,2018,1,21,-6.15208333333333,0,-8.2,0,-3.4,0,0.657483930211203,0
2019-01-21,2019,1,21,-15.8291666666667,0.01,-17.6,0,-14,0.01,0.709825528007346,1.2
2017-02-21,2017,2,21,-14.025,0,-15.5,0,-9.8,0,0.657483930211203,0
2018-02-21,2018,2,21,-7.66041666666667,0.01,-10.9,0,-2.3,0.01,0.709825528007346,1.2
2019-02-21,2019,2,21,-18.2770833333333,0,-21.2,0,-15.2,0,0.657483930211203,0
2017-03-21,2017,3,21,-4.38541666666667,0.01,-6.1,0,-2.3,0.01,0.709825528007346,1.2
2018-03-21,2018,3,21,-2.45416666666667,0,-5.6,0,3.6,0,0.657483930211203,0
2019-03-21,2019,3,21,-6.99583333333333,0,-10,0,0,0,0.657483930211203,0
2017-04-21,2017,4,21,-3.09791666666667,0.03,-6,0,-0.7,0.03,0.742883379247016,1.9
2018-04-21,2018,4,21,-5.43333333333333,0,-9.9,0,0,0,0.657483930211203,0
2019-04-21,2019,4,21,-2.00416666666667,0.34,-5.6,0,0.2,0.14,0.852157943067034,5.5
2017-05-21,2017,5,21,5.27708333333333,0,1.8,0,9.8,0,0.657483930211203,0
2018-05-21,2018,5,21,1.36041666666667,0,-1.6,0,7.5,0,0.657483930211203,0
2019-05-21,2019,5,21,1.31458333333333,0.36,-0.6,0,3.7,0.11,0.854912764003673,5.6
2017-06-21,2017,6,21,7.98541666666667,0,5.5,0,10.8,0,0.657483930211203,0
2018-06-21,2018,6,21,3.03333333333333,0,-0.8,0,6.5,0,0.657483930211203,0
2019-06-21,2019,6,21,5.07083333333333,0,1.6,0,8.5,0,0.657483930211203,0
2017-07-21,2017,7,21,8.79583333333333,0,4,0,13.5,0,0.657483930211203,0
2018-07-21,2018,7,21,11.0729166666667,0,6.6,0,16.1,0,0.657483930211203,0
2019-07-21,2019,7,21,9.02083333333333,8.7,5.5,0,12.4,4.55,0.982552800734619,24.1
2016-08-21,2016,8,21,5.50416666666667,0,1.7,0,9,0,0.657483930211203,0
2017-08-21,2017,8,21,4.84791666666667,0,1.3,0,9,0,0.657483930211203,0
2018-08-21,2018,8,21,6.075,0,2.6,0,9.5,0,0.657483930211203,0
2016-09-21,2016,9,21,6.78958333333333,0,3.5,0,10.8,0,0.657483930211203,0
2017-09-21,2017,9,21,4.51041666666667,0,1,0,8.2,0,0.657483930211203,0
2018-09-21,2018,9,21,-0.33125,0.17,-1.2,0,1,0.06,0.82277318640955,4.3
2016-10-21,2016,10,21,-9.84583333333333,0,-11.6,0,-8.7,0,0.657483930211203,0
2017-10-21,2017,10,21,-1.09375,0,-4.8,0,1,0,0.657483930211203,0
2018-10-21,2018,10,21,-4.3375,0,-6.9,0,-0.6,0,0.657483930211203,0
2016-11-21,2016,11,21,-15.475,0,-16.6,0,-13.6,0,0.657483930211203,0
2017-11-21,2017,11,21,-7.6375,0,-9,0,-5.1,0,0.657483930211203,0
2018-11-21,2018,11,21,-6.34166666666667,0,-10.1,0,-4.7,0,0.657483930211203,0
2016-12-21,2016,12,21,-10.4395833333333,0.03,-11.8,0,-8.8,0.01,0.742883379247016,1.9
2017-12-21,2017,12,21,-9.71666666666667,0,-12,0,-8.2,0,0.657483930211203,0
2018-12-21,2018,12,21,-13.7666666666667,0,-15.6,0,-10.8,0,0.657483930211203,0
2017-01-22,2017,1,22,-11.8916666666667,0.1,-13,0,-10.7,0.03,0.797061524334252,3.3
2018-01-22,2018,1,22,-8.55625,0,-10.5,0,-6.5,0,0.657483930211203,0
2019-01-22,2019,1,22,-13.9604166666667,0,-15.1,0,-11.9,0,0.657483930211203,0
2017-02-22,2017,2,22,-13.475,0,-16.2,0,-9.2,0,0.657483930211203,0
2018-02-22,2018,2,22,-11.00625,0.01,-14.5,0,-7.1,0.01,0.709825528007346,1.2
2019-02-22,2019,2,22,-10.95,0,-15.2,0,-8.1,0,0.657483930211203,0
2017-03-22,2017,3,22,-5.32708333333333,0.03,-7.1,0,-3.2,0.02,0.742883379247016,1.9
2018-03-22,2018,3,22,-2.79166666666667,0,-4.1,0,-1.5,0,0.657483930211203,0
2019-03-22,2019,3,22,-7.15833333333333,0,-9.3,0,-5.5,0,0.657483930211203,0
2017-04-22,2017,4,22,-6.31875,0,-11.1,0,-1.9,0,0.657483930211203,0
2018-04-22,2018,4,22,-1.81458333333333,0,-5.2,0,1.2,0,0.657483930211203,0
2019-04-22,2019,4,22,-4.24166666666667,0.28,-5.8,0,-2.3,0.12,0.843893480257117,5.3
2017-05-22,2017,5,22,6.40833333333333,0,3,0,10.2,0,0.657483930211203,0
2018-05-22,2018,5,22,0.93125,0.01,-1.9,0,7.2,0.01,0.709825528007346,1.2
2019-05-22,2019,5,22,0.63125,3.1,-1.5,0,2.3,0.81,0.955004591368228,13.5
2017-06-22,2017,6,22,8.89583333333333,0,5.8,0,12.6,0,0.657483930211203,0
2018-06-22,2018,6,22,3.75833333333333,0,0.1,0,7.1,0,0.657483930211203,0
2019-06-22,2019,6,22,4.08958333333333,0.12,1.2,0,6.7,0.12,0.807162534435262,3.7
2017-07-22,2017,7,22,10,0,5.2,0,14.7,0,0.657483930211203,0
2018-07-22,2018,7,22,11.7354166666667,0,7.6,0,16.3,0,0.657483930211203,0
2019-07-22,2019,7,22,9.93958333333333,0.02,6.2,0,13.8,0.02,0.721763085399449,1.4
2016-08-22,2016,8,22,4.4625,0,2.4,0,8.9,0,0.657483930211203,0
2017-08-22,2017,8,22,5.46666666666667,0,1.6,0,9.4,0,0.657483930211203,0
2018-08-22,2018,8,22,5.92916666666667,0,2.2,0,9.6,0,0.657483930211203,0
2016-09-22,2016,9,22,7.70416666666667,0,3.7,0,11.8,0,0.657483930211203,0
2017-09-22,2017,9,22,3.46041666666667,0,0.8,0,7.7,0,0.657483930211203,0
2018-09-22,2018,9,22,0.404166666666667,0,-2,0,2.7,0,0.657483930211203,0
2016-10-22,2016,10,22,-12.1791666666667,0.01,-13.8,0,-9.9,0.01,0.709825528007346,1.2
2017-10-22,2017,10,22,-4.63333333333333,0,-7.4,0,0.1,0,0.657483930211203,0
2018-10-22,2018,10,22,-3.52291666666667,0,-5.1,0,-1.1,0,0.657483930211203,0
2016-11-22,2016,11,22,-15.7854166666667,0,-17.4,0,-14,0,0.657483930211203,0
2017-11-22,2017,11,22,-5.44791666666667,0,-7.3,0,-3,0,0.657483930211203,0
2018-11-22,2018,11,22,-8.2625,1.33,-9.5,0,-7,0.14,0.91643709825528,9.6
2016-12-22,2016,12,22,-12.5395833333333,0.39,-13.8,0,-10.5,0.11,0.858585858585859,5.8
2017-12-22,2017,12,22,-13.0958333333333,0,-15.9,0,-9.5,0,0.657483930211203,0
2018-12-22,2018,12,22,-11.9958333333333,0,-14.7,0,-10.8,0,0.657483930211203,0
2017-01-23,2017,1,23,-13.7895833333333,0.07,-17.1,0,-10.6,0.03,0.776859504132231,2.6
2018-01-23,2018,1,23,-12.2875,0,-14.2,0,-8.5,0,0.657483930211203,0
2019-01-23,2019,1,23,-14.5875,0,-16.8,0,-11.4,0,0.657483930211203,0
2017-02-23,2017,2,23,-11.8229166666667,0,-14.5,0,-9,0,0.657483930211203,0
2018-02-23,2018,2,23,-7.4625,0,-10.6,0,-4.8,0,0.657483930211203,0
2019-02-23,2019,2,23,-11.175,0,-13.5,0,-6.3,0,0.657483930211203,0
2017-03-23,2017,3,23,-5.58125,0,-8,0,-4,0,0.657483930211203,0
2018-03-23,2018,3,23,-5.125,0.08,-8.5,0,-2.9,0.04,0.787878787878788,3
2019-03-23,2019,3,23,-7.55208333333333,0,-11.3,0,-5,0,0.657483930211203,0
2017-04-23,2017,4,23,-2.9375,0,-7.8,0,3.6,0,0.657483930211203,0
2018-04-23,2018,4,23,-0.31875,0.12,-2.1,0,1.2,0.05,0.807162534435262,3.7
2019-04-23,2019,4,23,-1.70416666666667,0.99,-3.9,0,0.3,0.39,0.89623507805326,7.7
2017-05-23,2017,5,23,3.71041666666667,2.05,0,0,6.9,1.86,0.940312213039486,11.7
2018-05-23,2018,5,23,-2.2875,0.01,-4.6,0,0,0.01,0.709825528007346,1.2
2019-05-23,2019,5,23,1.29583333333333,0,-4.1,0,7.1,0,0.657483930211203,0
2017-06-23,2017,6,23,8.225,28.7,4.6,0,11,7.76,0.998163452708907,45.7
2018-06-23,2018,6,23,4.30208333333333,0.01,1.6,0,7.3,0.01,0.709825528007346,1.2
2019-06-23,2019,6,23,4.04583333333333,0,0.5,0,7.5,0,0.657483930211203,0
2017-07-23,2017,7,23,8.17916666666667,4.91,4.6,0,13.1,2.12,0.96969696969697,19.2
2018-07-23,2018,7,23,11.3354166666667,1.06,8.7,0,13.9,0.94,0.898989898989899,8
2019-07-23,2019,7,23,11.6104166666667,0,7.1,0,15.5,0,0.657483930211203,0
2016-08-23,2016,8,23,4.2875,0,0.5,0,8.4,0,0.657483930211203,0
2017-08-23,2017,8,23,6.1375,0,3.1,0,9.7,0,0.657483930211203,0
2018-08-23,2018,8,23,5.51666666666667,0,1.4,0,9.1,0,0.657483930211203,0
2016-09-23,2016,9,23,6.43333333333333,0,3.5,0,9.9,0,0.657483930211203,0
2017-09-23,2017,9,23,2.64166666666667,0,0.5,0,5.5,0,0.657483930211203,0
2018-09-23,2018,9,23,-1.76458333333333,0,-5.3,0,0.8,0,0.657483930211203,0
2016-10-23,2016,10,23,-11.1229166666667,0,-13.7,0,-9.9,0,0.657483930211203,0
2017-10-23,2017,10,23,-4.08125,0,-6.4,0,-1.9,0,0.657483930211203,0
2018-10-23,2018,10,23,-5.12708333333333,0,-7.3,0,-2.5,0,0.657483930211203,0
2016-11-23,2016,11,23,-14.63125,0,-16.5,0,-11.6,0,0.657483930211203,0
2017-11-23,2017,11,23,-3.625,0,-4.7,0,-2,0,0.657483930211203,0
2018-11-23,2018,11,23,-6.37708333333333,1.89,-8.5,0,-5.1,0.12,0.934802571166208,11.2
2016-12-23,2016,12,23,-17.1145833333333,0.75,-21.4,0,-13.8,0.16,0.882460973370064,6.8
2017-12-23,2017,12,23,-10.3416666666667,0,-11.8,0,-9.3,0,0.657483930211203,0
2018-12-23,2018,12,23,-12.1229166666667,0,-13.9,0,-11.2,0,0.657483930211203,0
2017-01-24,2017,1,24,-18.84375,0,-19.9,0,-17.2,0,0.657483930211203,0
2018-01-24,2018,1,24,-12.7083333333333,0,-15.9,0,-8.1,0,0.657483930211203,0
2019-01-24,2019,1,24,-16.3041666666667,0,-18.3,0,-14.7,0,0.657483930211203,0
2017-02-24,2017,2,24,-11.2354166666667,0,-15,0,-9.2,0,0.657483930211203,0
2018-02-24,2018,2,24,-6.81666666666667,0,-8.2,0,-4.5,0,0.657483930211203,0
2019-02-24,2019,2,24,-14.025,0,-16.8,0,-8.8,0,0.657483930211203,0
2017-03-24,2017,3,24,-4.02083333333333,0,-8.4,0,-2,0,0.657483930211203,0
2018-03-24,2018,3,24,-5.55416666666667,0.05,-6.9,0,-4.8,0.02,0.757575757575758,2.2
2019-03-24,2019,3,24,-8.99583333333333,0,-12.1,0,-6.9,0,0.657483930211203,0
2017-04-24,2017,4,24,1.90416666666667,0,-3.9,0,7.2,0,0.657483930211203,0
2018-04-24,2018,4,24,2.97708333333333,0.01,0.2,0,5.5,0.01,0.709825528007346,1.2
2019-04-24,2019,4,24,-4.11041666666667,0,-8.7,0,0,0,0.657483930211203,0
2017-05-24,2017,5,24,4.09375,0,-0.4,0,7.6,0,0.657483930211203,0
2018-05-24,2018,5,24,0.0625,0,-5.1,0,6.5,0,0.657483930211203,0
2019-05-24,2019,5,24,0.304166666666667,0,-4,0,7.4,0,0.657483930211203,0
2017-06-24,2017,6,24,5.65208333333333,5.93,3.2,0,8.2,5.35,0.973370064279155,20.8
2018-06-24,2018,6,24,1.17708333333333,4.3,-1.8,0,4.4,1.06,0.965105601469238,17.7
2019-06-24,2019,6,24,5.25208333333333,3.03,1.6,0,9.6,2.15,0.953168044077135,13.4
2017-07-24,2017,7,24,8.68541666666667,1.7,5.3,0,13.3,1.5,0.930211202938476,10.9
2018-07-24,2018,7,24,10.4895833333333,0,7.3,0,14.8,0,0.657483930211203,0
2019-07-24,2019,7,24,10.975,0,6.9,0,14.7,0,0.657483930211203,0
2016-08-24,2016,8,24,5.77916666666667,0,2.1,0,9.3,0,0.657483930211203,0
2017-08-24,2017,8,24,6.90208333333333,0,3.2,0,11.5,0,0.657483930211203,0
2018-08-24,2018,8,24,4.4875,0,1.1,0,7.8,0,0.657483930211203,0
2016-09-24,2016,9,24,2.64375,0.03,0.1,0,5.2,0.02,0.742883379247016,1.9
2017-09-24,2017,9,24,-0.0979166666666667,0,-3.8,0,3.9,0,0.657483930211203,0
2018-09-24,2018,9,24,-1.99166666666667,0,-6.3,0,1.5,0,0.657483930211203,0
2016-10-24,2016,10,24,-11.0875,0.01,-12.4,0,-10.1,0.01,0.709825528007346,1.2
2017-10-24,2017,10,24,-5.26875,0.11,-7.6,0,-3.5,0.03,0.800734618916437,3.5
2018-10-24,2018,10,24,-4.7375,0,-6.3,0,-1.6,0,0.657483930211203,0
2016-11-24,2016,11,24,-15.14375,0,-17.2,0,-11.8,0,0.657483930211203,0
2017-11-24,2017,11,24,-3.57708333333333,0,-4.8,0,-0.8,0,0.657483930211203,0
2018-11-24,2018,11,24,-8.01875,3.42,-14.5,0,-4.7,0.51,0.958677685950413,14.5
2016-12-24,2016,12,24,-18.0125,0,-23.8,0,-11.3,0,0.657483930211203,0
2017-12-24,2017,12,24,-8.70625,0,-12.7,0,-5.1,0,0.657483930211203,0
2018-12-24,2018,12,24,-13.2291666666667,0,-15.1,0,-11.7,0,0.657483930211203,0
2017-01-25,2017,1,25,-16.475,0,-20.4,0,-12.5,0,0.657483930211203,0
2018-01-25,2018,1,25,-13,0,-15.8,0,-10.4,0,0.657483930211203,0
2019-01-25,2019,1,25,-14.3770833333333,0,-18,0,-12.2,0,0.657483930211203,0
2017-02-25,2017,2,25,-12.8458333333333,0.3,-16,0,-11.2,0.11,0.845730027548209,5.3
2018-02-25,2018,2,25,-6.57291666666667,0,-7.9,0,-5.3,0,0.657483930211203,0
2019-02-25,2019,2,25,-14.93125,0,-17.4,0,-13,0,0.657483930211203,0
2017-03-25,2017,3,25,-2.56458333333333,0.01,-4.8,0,-0.7,0.01,0.709825528007346,1.2
2018-03-25,2018,3,25,-0.185416666666667,0,-4.4,0,3.7,0,0.657483930211203,0
2019-03-25,2019,3,25,-7.03541666666667,0.1,-9.5,0,-5.4,0.09,0.797061524334252,3.3
2017-04-25,2017,4,25,3.82708333333333,0,1.2,0,8.5,0,0.657483930211203,0
2018-04-25,2018,4,25,-2.76041666666667,0.06,-4.9,0,0,0.03,0.76951331496786,2.5
2019-04-25,2019,4,25,-8.29583333333333,0.03,-11.5,0,-4.1,0.03,0.742883379247016,1.9
2017-05-25,2017,5,25,3.79583333333333,0.28,-0.5,0,7.8,0.25,0.843893480257117,5.3
2018-05-25,2018,5,25,3.68125,0,0.4,0,9.2,0,0.657483930211203,0
2019-05-25,2019,5,25,-2.57708333333333,0,-5,0,1.1,0,0.657483930211203,0
2017-06-25,2017,6,25,3.6375,0.06,1,0,5.5,0.04,0.76951331496786,2.5
2018-06-25,2018,6,25,0.454166666666667,1.29,-2.1,0,3.3,0.92,0.914600550964187,9.5
2019-06-25,2019,6,25,5.86458333333333,0.24,2.9,0,10.7,0.15,0.836547291092746,5
2017-07-25,2017,7,25,9.51041666666667,1.4,5.7,0,14.4,0.89,0.921946740128558,10.3
2018-07-25,2018,7,25,9.3375,0,4.2,0,13.9,0,0.657483930211203,0
2019-07-25,2019,7,25,9.74375,0,5.5,0,14.4,0,0.657483930211203,0
2016-08-25,2016,8,25,6.87708333333333,0,4.9,0,9.7,0,0.657483930211203,0
2017-08-25,2017,8,25,6.69791666666667,0,3.7,0,10.5,0,0.657483930211203,0
2018-08-25,2018,8,25,4.64791666666667,0,1,0,8.4,0,0.657483930211203,0
2016-09-25,2016,9,25,2.48541666666667,0,0.3,0,5.1,0,0.657483930211203,0
2017-09-25,2017,9,25,-0.672916666666667,0,-4.9,0,3.3,0,0.657483930211203,0
2018-09-25,2018,9,25,2.08541666666667,0,-1.2,0,6.2,0,0.657483930211203,0
2016-10-25,2016,10,25,-11.59375,0.01,-15,0,-10.4,0.01,0.709825528007346,1.2
2017-10-25,2017,10,25,-5.25208333333333,0,-7.2,0,-4.1,0,0.657483930211203,0
2018-10-25,2018,10,25,-3.16875,0,-6.8,0,-1.3,0,0.657483930211203,0
2016-11-25,2016,11,25,-10.6604166666667,0,-13.5,0,-8.1,0,0.657483930211203,0
2017-11-25,2017,11,25,-4.71666666666667,0,-6.3,0,-3.1,0,0.657483930211203,0
2018-11-25,2018,11,25,-9.36666666666667,0,-12.9,0,-5.8,0,0.657483930211203,0
2016-12-25,2016,12,25,-9.79583333333333,0,-12,0,-6.8,0,0.657483930211203,0
2017-12-25,2017,12,25,-6.175,1.1,-7.4,0,-4.2,0.15,0.901744719926538,8.2
2018-12-25,2018,12,25,-13.4895833333333,0,-15.2,0,-11.5,0,0.657483930211203,0
2017-01-26,2017,1,26,-11.1541666666667,0,-14.5,0,-8.9,0,0.657483930211203,0
2018-01-26,2018,1,26,-17.1479166666667,0,-21.1,0,-15.3,0,0.657483930211203,0
2019-01-26,2019,1,26,-14.4354166666667,0,-15.9,0,-12.2,0,0.657483930211203,0
2017-02-26,2017,2,26,-11.85,0,-18.1,0,-4.9,0,0.657483930211203,0
2018-02-26,2018,2,26,-3.75833333333333,0.07,-7,0,-1.6,0.03,0.776859504132231,2.6
2019-02-26,2019,2,26,-14.9895833333333,0,-16.3,0,-14,0,0.657483930211203,0
2017-03-26,2017,3,26,-3.24583333333333,2.32,-5.8,0,-1.9,0.83,0.944903581267218,12.1
2018-03-26,2018,3,26,-0.879166666666667,1.1,-4.2,0,2.8,0.37,0.901744719926538,8.2
2019-03-26,2019,3,26,-3.04583333333333,0.39,-7.6,0,0.4,0.37,0.858585858585859,5.8
2017-04-26,2017,4,26,2.7625,0,-0.2,0,9.4,0,0.657483930211203,0
2018-04-26,2018,4,26,-4.09375,0,-8.9,0,1.1,0,0.657483930211203,0
2019-04-26,2019,4,26,-9.2625,0.01,-11.3,0,-7.1,0.01,0.709825528007346,1.2
2017-05-26,2017,5,26,2.09583333333333,0,-2.8,0,8.8,0,0.657483930211203,0
2018-05-26,2018,5,26,4.90416666666667,0,1.3,0,10.6,0,0.657483930211203,0
2019-05-26,2019,5,26,-0.533333333333333,0,-5,0,4.9,0,0.657483930211203,0
2017-06-26,2017,6,26,5.32916666666667,4.76,2,0,9.8,4.11,0.968778696051423,18.8
2018-06-26,2018,6,26,0.827083333333333,1.64,-2.9,0,5,0.8,0.928374655647383,10.9
2019-06-26,2019,6,26,5.01666666666667,1.96,2.6,0,10,1.04,0.9366391184573,11.4
2017-07-26,2017,7,26,10.475,0,6.7,0,15.2,0,0.657483930211203,0
2018-07-26,2018,7,26,7.93125,0,4.7,0,12,0,0.657483930211203,0
2019-07-26,2019,7,26,9.49791666666667,0,5.7,0,14,0,0.657483930211203,0
2016-08-26,2016,8,26,7.05,0,3.4,0,10.9,0,0.657483930211203,0
2017-08-26,2017,8,26,6.77291666666667,0,2.8,0,10.9,0,0.657483930211203,0
2018-08-26,2018,8,26,3.71666666666667,0,1.3,0,6.8,0,0.657483930211203,0
2016-09-26,2016,9,26,2.22916666666667,0.01,0,0,5.8,0.01,0.709825528007346,1.2
2017-09-26,2017,9,26,-0.114583333333333,0.01,-2.9,0,2.4,0.01,0.709825528007346,1.2
2018-09-26,2018,9,26,3.12708333333333,0,0,0,6.9,0,0.657483930211203,0
2016-10-26,2016,10,26,-12.90625,0,-16.5,0,-8.9,0,0.657483930211203,0
2017-10-26,2017,10,26,-4.27708333333333,0,-5.6,0,-1.6,0,0.657483930211203,0
2018-10-26,2018,10,26,-1.13333333333333,0,-3.3,0,1,0,0.657483930211203,0
2016-11-26,2016,11,26,-16.5854166666667,0,-22.5,0,-7.7,0,0.657483930211203,0
2017-11-26,2017,11,26,-8.75,0,-13.8,0,-4.6,0,0.657483930211203,0
2018-11-26,2018,11,26,-2.59166666666667,0.02,-8.1,0,-0.4,0.01,0.721763085399449,1.4
2016-12-26,2016,12,26,-7.73541666666667,0.02,-10.3,0,-6,0.01,0.721763085399449,1.4
2017-12-26,2017,12,26,-9.08333333333333,1.11,-12.4,0,-6.7,0.12,0.902662993572084,8.3
2018-12-26,2018,12,26,-13.4333333333333,0,-16.2,0,-11.7,0,0.657483930211203,0
2017-01-27,2017,1,27,-12.1291666666667,0.01,-15.2,0,-9.5,0.01,0.709825528007346,1.2
2018-01-27,2018,1,27,-22.3291666666667,0,-24.4,0,-19.8,0,0.657483930211203,0
2019-01-27,2019,1,27,-15.6125,0,-17.2,0,-12.9,0,0.657483930211203,0
2017-02-27,2017,2,27,-8.2,0,-10.5,0,-4,0,0.657483930211203,0
2018-02-27,2018,2,27,-6.37916666666667,0.03,-9.2,0,-2.8,0.01,0.742883379247016,1.9
2019-02-27,2019,2,27,-14.1583333333333,0,-15.2,0,-13.2,0,0.657483930211203,0
2017-03-27,2017,3,27,-4.46458333333333,0.29,-6.4,0,-2.6,0.09,0.844811753902663,5.3
2018-03-27,2018,3,27,-4.86666666666667,0.03,-6.9,0,-2.2,0.02,0.742883379247016,1.9
2019-03-27,2019,3,27,-1.47708333333333,3.07,-4.4,0,1.3,0.87,0.954086317722681,13.5
2017-04-27,2017,4,27,-0.466666666666667,0,-3.8,0,2.8,0,0.657483930211203,0
2018-04-27,2018,4,27,-2.14583333333333,0,-5.5,0,2.5,0,0.657483930211203,0
2019-04-27,2019,4,27,-8.425,0,-12.5,0,-4.1,0,0.657483930211203,0
2017-05-27,2017,5,27,3.54791666666667,0.11,0.5,0,8.1,0.08,0.800734618916437,3.5
2018-05-27,2018,5,27,4.23541666666667,0,0.4,0,6.6,0,0.657483930211203,0
2019-05-27,2019,5,27,1.61041666666667,0,-3.1,0,8.2,0,0.657483930211203,0
2017-06-27,2017,6,27,3.29375,6.31,0.5,0,5.4,1.83,0.977961432506887,22.3
2018-06-27,2018,6,27,3.9625,0,1.6,0,6.3,0,0.657483930211203,0
2019-06-27,2019,6,27,3.75208333333333,0.53,1.3,0,8.4,0.19,0.874196510560147,6.4
2017-07-27,2017,7,27,10.525,0.04,7.7,0,14.4,0.04,0.752066115702479,2.2
2018-07-27,2018,7,27,6.10833333333333,6.58,3.1,0,9.7,3.83,0.978879706152433,22.9
2019-07-27,2019,7,27,9.33125,0,4.3,0,14.1,0,0.657483930211203,0
2016-08-27,2016,8,27,7.62916666666667,0,3.8,0,11.5,0,0.657483930211203,0
2017-08-27,2017,8,27,7.26458333333333,0,3.7,0,11.3,0,0.657483930211203,0
2018-08-27,2018,8,27,3.52708333333333,0,1.1,0,6.9,0,0.657483930211203,0
2016-09-27,2016,9,27,4.34791666666667,0,1.6,0,7.3,0,0.657483930211203,0
2017-09-27,2017,9,27,-1.92708333333333,3.18,-2.8,0,-0.7,1.45,0.955922865013774,13.6
2018-09-27,2018,9,27,-1,1.28,-3.3,0,1.6,1.13,0.913682277318641,9.3
2016-10-27,2016,10,27,-7.07708333333333,0.01,-10.1,0,-4.6,0.01,0.709825528007346,1.2
2017-10-27,2017,10,27,-3.41666666666667,0,-5.5,0,0,0,0.657483930211203,0
2018-10-27,2018,10,27,2.09166666666667,0.06,-1.5,0,3.9,0.04,0.76951331496786,2.5
2016-11-27,2016,11,27,-13.1166666666667,0,-21.9,0,-6.7,0,0.657483930211203,0
2017-11-27,2017,11,27,-14.8145833333333,0,-18.1,0,-12.6,0,0.657483930211203,0
2018-11-27,2018,11,27,-5.87708333333333,0.08,-8.2,0,-3,0.02,0.787878787878788,3
2016-12-27,2016,12,27,-9.63541666666667,1.13,-12.8,0,-5.7,0.2,0.904499540863177,8.5
2017-12-27,2017,12,27,-18.6782608695652,2.65,-23.4,0,-10.1,0.63,0.948576675849403,12.4
2018-12-27,2018,12,27,-12.9354166666667,0,-16.5,0,-8.1,0,0.657483930211203,0
2017-01-28,2017,1,28,-10.2979166666667,0,-13.2,0,-7.7,0,0.657483930211203,0
2018-01-28,2018,1,28,-22.5270833333333,0,-24.2,0,-19.6,0,0.657483930211203,0
2019-01-28,2019,1,28,-13.5708333333333,0,-16.5,0,-10.8,0,0.657483930211203,0
2017-02-28,2017,2,28,-9.04791666666667,0,-11.5,0,-1.8,0,0.657483930211203,0
2018-02-28,2018,2,28,-7.41041666666667,0.01,-8.9,0,-6.2,0.01,0.709825528007346,1.2
2019-02-28,2019,2,28,-11.5166666666667,0,-13.9,0,-10.4,0,0.657483930211203,0
2017-03-28,2017,3,28,-4.66666666666667,0,-9.7,0,3.5,0,0.657483930211203,0
2018-03-28,2018,3,28,-6.75416666666667,0,-7.9,0,-5.1,0,0.657483930211203,0
2019-03-28,2019,3,28,-2.73958333333333,0,-4.8,0,0,0,0.657483930211203,0
2017-04-28,2017,4,28,-9.37916666666667,0.02,-15,0,-3.4,0.01,0.721763085399449,1.4
2018-04-28,2018,4,28,0.902083333333333,0,-3.7,0,9,0,0.657483930211203,0
2019-04-28,2019,4,28,-6.63541666666667,0,-10.7,0,-1.5,0,0.657483930211203,0
2017-05-28,2017,5,28,2.47916666666667,0.25,-1.2,0,5.9,0.23,0.838383838383838,5.1
2018-05-28,2018,5,28,-0.210416666666667,6.19,-5,0,3.5,2.21,0.976124885215794,21.9
2019-05-28,2019,5,28,3.37916666666667,0,-1.6,0,7.3,0,0.657483930211203,0
2017-06-28,2017,6,28,3.59166666666667,0,0.8,0,6.2,0,0.657483930211203,0
2018-06-28,2018,6,28,5.03333333333333,0,2,0,8,0,0.657483930211203,0
2019-06-28,2019,6,28,4.81666666666667,0.06,2.7,0,7.7,0.06,0.76951331496786,2.5
2017-07-28,2017,7,28,11.0875,0,7.6,0,14.9,0,0.657483930211203,0
2018-07-28,2018,7,28,4.14166666666667,0.93,-0.7,0,9.4,0.6,0.892561983471074,7.5
2019-07-28,2019,7,28,10.8479166666667,0,6.6,0,14.6,0,0.657483930211203,0
2016-08-28,2016,8,28,7.49583333333333,0,4.1,0,11,0,0.657483930211203,0
2017-08-28,2017,8,28,7.50625,0,4.4,0,11.4,0,0.657483930211203,0
2018-08-28,2018,8,28,3.4625,0,0.4,0,6.4,0,0.657483930211203,0
2016-09-28,2016,9,28,1.60625,0.08,-1.2,0,3.3,0.05,0.787878787878788,3
2017-09-28,2017,9,28,-2.09791666666667,1.08,-4,0,-0.9,0.13,0.899908172635445,8.1
2018-09-28,2018,9,28,-0.3,0,-4,0,3.7,0,0.657483930211203,0
2016-10-28,2016,10,28,-4.87291666666667,0.01,-6.2,0,-3.7,0.01,0.709825528007346,1.2
2017-10-28,2017,10,28,-3.35833333333333,0,-6.2,0,-1.5,0,0.657483930211203,0
2018-10-28,2018,10,28,-2.51458333333333,1.34,-6.4,0,1.5,0.24,0.917355371900826,9.7
2016-11-28,2016,11,28,-9.32708333333333,0,-11.8,0,-7.5,0,0.657483930211203,0
2017-11-28,2017,11,28,-10.56875,0,-14.9,0,-7.9,0,0.657483930211203,0
2018-11-28,2018,11,28,-8.23958333333333,0,-9.7,0,-6.3,0,0.657483930211203,0
2016-12-28,2016,12,28,-10.3583333333333,0.01,-14,0,-5.5,0.01,0.709825528007346,1.2
2017-12-28,2017,12,28,-13.8354166666667,0,-19.7,0,-9.4,0,0.657483930211203,0
2018-12-28,2018,12,28,-6.95625,0,-10.1,0,-4.8,0,0.657483930211203,0
2017-01-29,2017,1,29,-10.8604166666667,0,-12.9,0,-9.3,0,0.657483930211203,0
2018-01-29,2018,1,29,-16.1208333333333,0,-23,0,-11,0,0.657483930211203,0
2019-01-29,2019,1,29,-10.2145833333333,0,-13.6,0,-6.9,0,0.657483930211203,0
2017-03-29,2017,3,29,-4.02083333333333,0.05,-6,0,-2.7,0.02,0.757575757575758,2.2
2018-03-29,2018,3,29,-6.14166666666667,0.01,-7.8,0,-4.4,0.01,0.709825528007346,1.2
2019-03-29,2019,3,29,-3.19166666666667,0.06,-6.6,0,-0.3,0.04,0.76951331496786,2.5
2017-04-29,2017,4,29,-11.85625,0,-15.9,0,-9.6,0,0.657483930211203,0
2018-04-29,2018,4,29,3.81041666666667,0,0.3,0,9.3,0,0.657483930211203,0
2019-04-29,2019,4,29,-4.24791666666667,0,-7.5,0,-0.6,0,0.657483930211203,0
2017-05-29,2017,5,29,3.54375,5.08,0.5,0,7.6,4.36,0.970615243342516,19.5
2018-05-29,2018,5,29,0.641666666666667,0,-3.7,0,5.3,0,0.657483930211203,0
2019-05-29,2019,5,29,4.20833333333333,0,0,0,8.1,0,0.657483930211203,0
2017-06-29,2017,6,29,5.55416666666667,0,0.5,0,10.2,0,0.657483930211203,0
2018-06-29,2018,6,29,6.09583333333333,0,3.5,0,9.2,0,0.657483930211203,0
2019-06-29,2019,6,29,5.3875,23.68,2.5,0,9,10.81,0.996326905417815,36.1
2017-07-29,2017,7,29,11.21875,0.02,8.2,0,14.2,0.02,0.721763085399449,1.4
2018-07-29,2018,7,29,2.49583333333333,0.19,-0.4,0,6.6,0.11,0.829201101928375,4.4
2019-07-29,2019,7,29,11.2645833333333,0,7.5,0,14.9,0,0.657483930211203,0
2016-08-29,2016,8,29,7.17291666666667,0,4.3,0,10.4,0,0.657483930211203,0
2017-08-29,2017,8,29,7.07708333333333,0.03,3.3,0,11.2,0.03,0.742883379247016,1.9
2018-08-29,2018,8,29,2.47083333333333,0,-1,0,6.7,0,0.657483930211203,0
2016-09-29,2016,9,29,3.50416666666667,0,0.1,0,6.2,0,0.657483930211203,0
2017-09-29,2017,9,29,-3.6875,1.39,-5.7,0,-2,0.26,0.921028466483012,10.1
2018-09-29,2018,9,29,1.78541666666667,0,-2.5,0,5.9,0,0.657483930211203,0
2016-10-29,2016,10,29,-4.4,0.07,-5.7,0,-3.1,0.04,0.776859504132231,2.6
2017-10-29,2017,10,29,-2.22916666666667,0,-3.6,0,-1.1,0,0.657483930211203,0
2018-10-29,2018,10,29,-0.822916666666667,0,-3.8,0,1.4,0,0.657483930211203,0
2016-11-29,2016,11,29,-8.65416666666667,0,-10.2,0,-6.8,0,0.657483930211203,0
2017-11-29,2017,11,29,-10.21875,0,-12.1,0,-9.3,0,0.657483930211203,0
2018-11-29,2018,11,29,-6.36041666666667,0,-7.9,0,-3.4,0,0.657483930211203,0
2016-12-29,2016,12,29,-8.79791666666667,0.67,-13,0,-5.3,0.11,0.879706152433425,6.6
2017-12-29,2017,12,29,-7.92083333333333,0,-9.9,0,-5.7,0,0.657483930211203,0
2018-12-29,2018,12,29,-6.94791666666667,0,-11.1,0,-5.2,0,0.657483930211203,0
2017-01-30,2017,1,30,-9.53958333333333,0,-13.5,0,-6.9,0,0.657483930211203,0
2018-01-30,2018,1,30,-11.25,0,-13,0,-9.3,0,0.657483930211203,0
2019-01-30,2019,1,30,-7.48125,0,-10.1,0,-5.5,0,0.657483930211203,0
2017-03-30,2017,3,30,-5.85,0.01,-9.9,0,-3.8,0.01,0.709825528007346,1.2
2018-03-30,2018,3,30,-1.53541666666667,0,-8.4,0,3.1,0,0.657483930211203,0
2019-03-30,2019,3,30,-6.56875,0.01,-9.1,0,-1.4,0.01,0.709825528007346,1.2
2017-04-30,2017,4,30,-10.7145833333333,0,-16.7,0,-4.5,0,0.657483930211203,0
2018-04-30,2018,4,30,2.36041666666667,0,0,0,4.5,0,0.657483930211203,0
2019-04-30,2019,4,30,-5.33541666666667,0,-6.7,0,-1.9,0,0.657483930211203,0
2017-05-30,2017,5,30,0.954166666666667,4.02,-1.6,0,3.7,0.82,0.963269054178145,17.3
2018-05-30,2018,5,30,-0.76875,0.24,-1.8,0,1.8,0.09,0.836547291092746,5
2019-05-30,2019,5,30,4.5625,0,0.8,0,9.7,0,0.657483930211203,0
2017-06-30,2017,6,30,6.6125,0,2.5,0,10,0,0.657483930211203,0
2018-06-30,2018,6,30,7.05208333333333,0,4.7,0,9.7,0,0.657483930211203,0
2019-06-30,2019,6,30,6.81458333333333,15.14,4.3,0,11.5,12.1,0.992653810835629,31.8
2017-07-30,2017,7,30,11.1645833333333,0,7.4,0,15.1,0,0.657483930211203,0
2018-07-30,2018,7,30,5.06458333333333,0,1,0,10,0,0.657483930211203,0
2019-07-30,2019,7,30,11.14375,0.04,8.9,0,15.3,0.04,0.752066115702479,2.2
2016-08-30,2016,8,30,4.37708333333333,0.26,2.5,0,7.4,0.13,0.840220385674931,5.2
2017-08-30,2017,8,30,7.97708333333333,0,4.1,0,13.2,0,0.657483930211203,0
2018-08-30,2018,8,30,2.01041666666667,0,-2.6,0,6.1,0,0.657483930211203,0
2016-09-30,2016,9,30,-1.50416666666667,1.62,-3.5,0,3.2,0.23,0.92653810835629,10.8
2017-09-30,2017,9,30,-8.29166666666667,0.12,-14.7,0,-4.3,0.05,0.807162534435262,3.7
2018-09-30,2018,9,30,3.20208333333333,0,0,0,7.5,0,0.657483930211203,0
2016-10-30,2016,10,30,-4.84791666666667,0.32,-5.8,0,-4,0.06,0.849403122130395,5.4
2017-10-30,2017,10,30,-0.266666666666667,0.03,-2.4,0,1.3,0.02,0.742883379247016,1.9
2018-10-30,2018,10,30,-3.1,0,-5.4,0,0.8,0,0.657483930211203,0
2016-11-30,2016,11,30,-9.925,0,-11.7,0,-8.2,0,0.657483930211203,0
2017-11-30,2017,11,30,-13.71875,0.01,-15.3,0,-11.8,0.01,0.709825528007346,1.2
2018-11-30,2018,11,30,-9.0875,0.45,-17.3,0,-5.7,0.12,0.86593204775023,6.1
2016-12-30,2016,12,30,-12.15625,0,-17.1,0,-9.1,0,0.657483930211203,0
2017-12-30,2017,12,30,-7.31666666666667,0,-8.7,0,-5.7,0,0.657483930211203,0
2018-12-30,2018,12,30,-11.2229166666667,0,-13.7,0,-9.1,0,0.657483930211203,0
2017-01-31,2017,1,31,-16.0416666666667,0.01,-16.9,0,-13.6,0.01,0.709825528007346,1.2
2018-01-31,2018,1,31,-12.7,0,-15.3,0,-11.1,0,0.657483930211203,0
2019-01-31,2019,1,31,-12.39375,0,-16.6,0,-8.3,0,0.657483930211203,0
2017-03-31,2017,3,31,-4.475,0,-10.3,0,1.3,0,0.657483930211203,0
2018-03-31,2018,3,31,3.98333333333333,0.02,2.8,0,5,0.02,0.721763085399449,1.4
2019-03-31,2019,3,31,-5.07916666666667,0.04,-7.4,0,-2.6,0.03,0.752066115702479,2.2
2017-05-31,2017,5,31,1.94375,0,-2.8,0,11.8,0,0.657483930211203,0
2018-05-31,2018,5,31,-0.133333333333333,0,-4,0,3.6,0,0.657483930211203,0
2019-05-31,2019,5,31,3.50416666666667,0.74,-0.2,0,7.6,0.34,0.880624426078972,6.6
2017-07-31,2017,7,31,11.5645833333333,0,7,0,16.2,0,0.657483930211203,0
2018-07-31,2018,7,31,6.83958333333333,0,3.7,0,10.3,0,0.657483930211203,0
2019-07-31,2019,7,31,11.1354166666667,0.06,7.3,0,14.9,0.03,0.76951331496786,2.5
2016-08-31,2016,8,31,5.22708333333333,0.12,1.7,0,9.5,0.1,0.807162534435262,3.7
2017-08-31,2017,8,31,8.98125,0,5.9,0,13.2,0,0.657483930211203,0
2018-08-31,2018,8,31,4.40208333333333,0,-0.7,0,9.3,0,0.657483930211203,0
2016-10-31,2016,10,31,-2.36041666666667,0.35,-5.3,0,-0.8,0.19,0.853994490358127,5.6
2017-10-31,2017,10,31,1.4375,0.01,-0.8,0,2.9,0.01,0.709825528007346,1.2
2018-10-31,2018,10,31,-6.33541666666667,0,-10.9,0,-2.8,0,0.657483930211203,0
2016-12-31,2016,12,31,-10.5270833333333,0,-13.5,0,-8.3,0,0.657483930211203,0
2017-12-31,2017,12,31,-8.08125,0,-10.3,0,-6.5,0,0.657483930211203,0
2018-12-31,2018,12,31,-11.4833333333333,0,-13.8,0,-10.1,0,0.657483930211203,0
